ad_id	campaign_id	clicks_all	link_clicks
120246191401160167	120216508762540167	17544	16254
120246981244000167	120216508762540167	14747	14506
120246913787420167	120216508762540167	77099	75929
120249917976060167	120216508762540167	36969	35701
120250258111880167	120216508762540167	562	213
120250211390460167	120216508762540167	1080	1067
120250468451640167	120242445441270167	707	726
120250455643250167	120242445441270167	596	568
120250455595040167	120242445441270167	2160	1949
120250329291480167	120246363709570167	11903	10726
120249242654880167	120246363709570167	116922	104893
120249859615790167	120246363709570167	45877	45829
120249918145530167	120246363709570167	34582	34955
120237405905180167	120216508762540167	398	401
120241616770670167	120216508762540167	59955	16694
120236973128140167	120216508762540167	346	13
120249017877220167	120242445441270167	3677	1520
120247235677870167	120242445441270167	1347	1363
120249069884080167	120246363709570167	9007	5162
120237287599920167	120216508762540167	3	4
120217114494800167	120216508762540167	9917	9098
120240275100650167	120216508762540167	6704	6450
120243701212520167	120216508762540167	4101	3932
120242508326320167	120216508762540167	1191	1175
120241384994370167	120216508762540167	886	831
120240276401680167	120216508762540167	6387	6257
120237565389230167	120216508762540167	11	11
120234426700060167	120216508762540167	1774	1694
120242508326330167	120216508762540167	1168	1151
120242044321560167	120216508762540167	2257	2265
120241585257650167	120216508762540167	44849	43998
120240275365590167	120216508762540167	8838	8372
120237487727210167	120216508762540167	1075	1005
120245842691760167	120216508762540167	620	577
120244164028010167	120216508762540167	588	599
120243701212510167	120216508762540167	8974	8577
120242511963200167	120216508762540167	1128	1086
120242508965130167	120216508762540167	1831	1784
120247889143360167	120216508762540167	3722	3574
120246913718270167	120216508762540167	6004	5228
120246912412500167	120216508762540167	5670	5598
120246191491950167	120216508762540167	11725	11898
120246191491940167	120216508762540167	153	77
120246191491930167	120216508762540167	1949	1936
120245150209330167	120216508762540167	1277	1068
120245149713520167	120216508762540167	379	356
120241603493400167	120216508762540167	445	383
120240666409650167	120216508762540167	608	580
120237487654540167	120216508762540167	1363	1166
120237045361760167	120216508762540167	2551	2577
120248790253970167	120216508762540167	47255	39742
120248718076390167	120216508762540167	913	898
120248686842540167	120216508762540167	4254	3723
120245842877290167	120216508762540167	605	536
120241617086080167	120216508762540167	5107	5175
120241101058170167	120216508762540167	2108	1237
120239549750910167	120216508762540167	8382	8372
120237777618770167	120216508762540167	7050	2061
120237777449370167	120216508762540167	19892	13712
120237571780890167	120216508762540167	3132	3118
120236968737630167	120216508762540167	6550	4968
120236733514450167	120216508762540167	0	0
120234177880070167	120216508762540167	561	515
120249642037430167	120216508762540167	1487	1438
120248526868210167	120216508762540167	12770	6122
120248489704700167	120216508762540167	15023	8655
120247333574270167	120216508762540167	2251	2071
120245149824260167	120216508762540167	1307	1314
120242510079090167	120216508762540167	2517	2473
120242150413710167	120216508762540167	254	243
120241112712410167	120216508762540167	8384	2822
120241110528290167	120216508762540167	43140	13713
120241109209480167	120216508762540167	1778	1687
120241108287520167	120216508762540167	7119	5043
120241106581380167	120216508762540167	9034	5995
120241105392870167	120216508762540167	2213	1367
120241105392860167	120216508762540167	109	94
120241105392850167	120216508762540167	1021	646
120240663557980167	120216508762540167	2250	1426
120238026852470167	120216508762540167	12120	6342
120238026733600167	120216508762540167	108	51
120238026658470167	120216508762540167	61	44
120237571666580167	120216508762540167	11385	10709
120237272344600167	120216508762540167	655	690
120237249024810167	120216508762540167	1896	248
120236733773250167	120216508762540167	3	3
120236574936400167	120216508762540167	87104	67484
120236574831290167	120216508762540167	6655	6435
120236574687070167	120216508762540167	616	408
120235898449010167	120216508762540167	2434	2414
120235385883680167	120216508762540167	5	2
120235072204200167	120216508762540167	38	8
120249641997610167	120216508762540167	1046	1052
120249248763350167	120216508762540167	123	127
120245149598320167	120216508762540167	431	337
120243703760520167	120216508762540167	1681	1658
120242047955370167	120216508762540167	5810	3965
120242047786960167	120216508762540167	4511	2985
120242047193710167	120216508762540167	1085	998
120241645793570167	120216508762540167	1633	1289
120241617736910167	120216508762540167	1033	721
120241242642140167	120216508762540167	8515	4788
120239549743640167	120216508762540167	113	111
120239549735810167	120216508762540167	25298	24495
120239549733890167	120216508762540167	621	597
120237249722270167	120216508762540167	6606	3177
120236733558890167	120216508762540167	0	0
120250211406300167	120216508762540167	634	615
120250211383450167	120216508762540167	2311	1995
120249918296230167	120216508762540167	6976	6756
120249190061250167	120216508762540167	1523	1490
120249089633250167	120216508762540167	4335	3300
120249089547390167	120216508762540167	13372	9213
120247888457690167	120216508762540167	1632	1552
120245841850380167	120216508762540167	1197	1183
120245417330650167	120216508762540167	10175	6784
120245417330630167	120216508762540167	12784	9655
120245092958860167	120216508762540167	41475	33952
120242798640840167	120216508762540167	1127	1080
120242798462510167	120216508762540167	1314	1259
120242428764500167	120216508762540167	4602	3479
120242150478000167	120216508762540167	40	38
120242150437340167	120216508762540167	7	7
120242147246810167	120216508762540167	58657	38164
120242049924970167	120216508762540167	24074	23344
120239549748080167	120216508762540167	12636	12590
120239549744720167	120216508762540167	330	321
120239549742420167	120216508762540167	508	491
120250112779340167	120216508762540167	1450	1389
120250094596930167	120216508762540167	6074	3604
120249135201100167	120216508762540167	12489	10724
120249114098820167	120216508762540167	9008	8966
120249105317450167	120216508762540167	6414	5097
120249069900960167	120216508762540167	26	27
120249017523680167	120216508762540167	105	100
120245417330640167	120216508762540167	5183	2577
120245092899140167	120216508762540167	3355	3315
120244277007750167	120216508762540167	1528	1464
120242798687610167	120216508762540167	445	437
120242798462500167	120216508762540167	2070	1979
120242798301440167	120216508762540167	540	497
120242150395500167	120216508762540167	2558	2510
120239549745570167	120216508762540167	220	203
120239549745190167	120216508762540167	193	191
120250414482060167	120242445441270167	4245	4416
120250414493620167	120242445441270167	1070	1076
120250414489730167	120242445441270167	1201	1231
120250414489590167	120242445441270167	886	882
120250364165220167	120242445441270167	1221	1224
120250211380190167	120246363709570167	2416	2069
120242512453110167	120242445441270167	329	323
120242512453100167	120242445441270167	1283	1293
120242507049430167	120242445441270167	703	684
120242497671550167	120242445441270167	726	704
120242445442820167	120242445441270167	1117	1180
120242445442810167	120242445441270167	2802	2497
120242445442780167	120242445441270167	2727	2681
120242445442440167	120242445441270167	464	452
120246280887120167	120242445441270167	396	395
120242551388760167	120242445441270167	4	4
120242512453130167	120242445441270167	2034	1826
120242512453120167	120242445441270167	94	85
120242503317290167	120242445441270167	2952	2881
120242445442850167	120242445441270167	1602	1596
120242445442840167	120242445441270167	2108	2113
120242445442830167	120242445441270167	1641	1670
120242445442320167	120242445441270167	2730	2727
120242445442310167	120242445441270167	1210	1162
120242445442300167	120242445441270167	790	799
120246282591040167	120242445441270167	963	961
120246280884370167	120242445441270167	7623	7495
120245219512050167	120242445441270167	560	569
120244975023190167	120242445441270167	964	917
120244974978530167	120242445441270167	560	538
120242507049450167	120242445441270167	3160	2712
120242507049440167	120242445441270167	1339	1322
120242506754510167	120242445441270167	4483	4376
120242504055600167	120242445441270167	2529	2527
120242501536540167	120242445441270167	12787	12665
120242501233950167	120242445441270167	864	857
120242501111730167	120242445441270167	1044	1045
120242497671560167	120242445441270167	4399	4308
120242497073650167	120242445441270167	2148	2167
120249992189790167	120242445441270167	2698	1283
120249018598560167	120242445441270167	7413	2826
120249017985740167	120242445441270167	1436	889
120249017782920167	120242445441270167	1862	1445
120248898262300167	120242445441270167	12	11
120248720435220167	120242445441270167	1334	1317
120248719912650167	120242445441270167	3494	3420
120248719873780167	120242445441270167	1009	977
120247011580490167	120242445441270167	1241	1105
120247011579390167	120242445441270167	543	551
120247011569420167	120242445441270167	452	429
120247011566490167	120242445441270167	150	145
120247011565610167	120242445441270167	70	68
120246997861740167	120242445441270167	1946	1875
120246997847200167	120242445441270167	181	174
120246997845970167	120242445441270167	209	206
120246331786010167	120242445441270167	1440	520
120246282589460167	120242445441270167	260	253
120246282571790167	120242445441270167	515	522
120246280903630167	120242445441270167	224	224
120246280902840167	120242445441270167	582	583
120246280900700167	120242445441270167	470	494
120246280893240167	120242445441270167	3042	2560
120246280873500167	120242445441270167	477	447
120246280870660167	120242445441270167	2118	2088
120246280866870167	120242445441270167	1112	1083
120245867700400167	120242445441270167	438	396
120245867679860167	120242445441270167	880	807
120245307719710167	120242445441270167	6502	6417
120245219525630167	120242445441270167	604	614
120245219517560167	120242445441270167	447	426
120245219513270167	120242445441270167	481	489
120245219512230167	120242445441270167	593	613
120245219509220167	120242445441270167	419	415
120245219508730167	120242445441270167	617	619
120245091571390167	120242445441270167	1616	1417
120244975027730167	120242445441270167	597	598
120244974981550167	120242445441270167	420	402
120244974978550167	120242445441270167	544	518
120244974977440167	120242445441270167	523	498
120244974977050167	120242445441270167	620	600
120244974963650167	120242445441270167	2368	2296
120244288161800167	120242445441270167	139	133
120244288161360167	120242445441270167	400	388
120244288160560167	120242445441270167	163	157
120244288159110167	120242445441270167	121	119
120244288158990167	120242445441270167	176	169
120244281333170167	120242445441270167	5821	5079
120244279746990167	120242445441270167	146	144
120244279746520167	120242445441270167	274	269
120244279746350167	120242445441270167	424	413
120242799337850167	120242445441270167	24	24
120242513290740167	120242445441270167	7313	6490
120242502659960167	120242445441270167	4569	4472
120242498531130167	120242445441270167	871	843
120242497671570167	120242445441270167	1514	1475
120242445442860167	120242445441270167	100	100
120249991458770167	120242445441270167	1990	1900
120249176075550167	120242445441270167	15197	13396
120249020669720167	120242445441270167	964	999
120249018197870167	120242445441270167	1446	1340
120248720012760167	120242445441270167	1770	1691
120248719893710167	120242445441270167	822	618
120248719356730167	120242445441270167	3270	2592
120248718399620167	120242445441270167	9030	8323
120248612260260167	120242445441270167	662	664
120248612147470167	120242445441270167	604	595
120248341547190167	120242445441270167	384	374
120248341545680167	120242445441270167	200	189
120248335034210167	120242445441270167	484	481
120248334982400167	120242445441270167	6691	5629
120247189268040167	120242445441270167	4175	4125
120247011578560167	120242445441270167	502	508
120247011565580167	120242445441270167	91	90
120246997871260167	120242445441270167	430	418
120246997862210167	120242445441270167	552	552
120246997845950167	120242445441270167	169	163
120246438347130167	120242445441270167	1407	751
120246280866310167	120242445441270167	624	603
120246005442010167	120242445441270167	1175	1130
120246005437580167	120242445441270167	447	391
120246005436870167	120242445441270167	199	174
120245904196600167	120242445441270167	704	588
120245867682590167	120242445441270167	616	539
120245867680560167	120242445441270167	730	654
120245867679920167	120242445441270167	502	442
120245867679760167	120242445441270167	608	532
120245759485310167	120242445441270167	771	765
120245493757610167	120242445441270167	1309	669
120245219520120167	120242445441270167	511	509
120245219514230167	120242445441270167	442	446
120244975026320167	120242445441270167	926	938
120244974980090167	120242445441270167	550	541
120244288160550167	120242445441270167	87	81
120244288158970167	120242445441270167	299	284
120244286042760167	120242445441270167	408	409
120244286042110167	120242445441270167	458	457
120244281333410167	120242445441270167	353	355
120243741165250167	120242445441270167	2237	2267
120243740948580167	120242445441270167	879	881
120242512774230167	120242445441270167	2400	2398
120250308384310167	120242445441270167	6649	6794
120249918980570167	120242445441270167	30711	21194
120249779562130167	120242445441270167	623	637
120249779562090167	120242445441270167	1325	1262
120249641611010167	120242445441270167	1560	1217
120249176077580167	120242445441270167	13807	12576
120249176072350167	120242445441270167	935	930
120249069928080167	120242445441270167	2028	1373
120249020715110167	120242445441270167	826	847
120248898291360167	120242445441270167	1330	1294
120248898278710167	120242445441270167	1197	1175
120248898278030167	120242445441270167	672	680
120248898277700167	120242445441270167	1071	1109
120248898277620167	120242445441270167	1417	1499
120248341533720167	120242445441270167	399	380
120248334979440167	120242445441270167	2552	1925
120248334933310167	120242445441270167	133	120
120248334932420167	120242445441270167	138	129
120248334931480167	120242445441270167	85	82
120247254596060167	120242445441270167	96	94
120247235137270167	120242445441270167	1206	908
120247187088560167	120242445441270167	706	641
120246005443330167	120242445441270167	734	735
120246005441450167	120242445441270167	1974	1964
120246005440870167	120242445441270167	528	521
120246005435710167	120242445441270167	301	280
120245904237110167	120242445441270167	631	638
120245867742990167	120242445441270167	1323	1284
120245867702310167	120242445441270167	569	515
120245867684240167	120242445441270167	375	316
120245867682020167	120242445441270167	539	441
120245867680940167	120242445441270167	1179	1119
120245867680580167	120242445441270167	625	583
120245867679870167	120242445441270167	551	504
120249990578130167	120242445441270167	1112	894
120249918894470167	120242445441270167	1877	1856
120249918847860167	120242445441270167	7842	7277
120249918769370167	120242445441270167	1732	1644
120249918716020167	120242445441270167	1315	1053
120249779562330167	120242445441270167	651	661
120249779562150167	120242445441270167	5540	5493
120249641760720167	120242445441270167	5529	253
120249469568100167	120242445441270167	621	591
120249469567140167	120242445441270167	505	463
120249469567030167	120242445441270167	624	632
120249176072690167	120242445441270167	1593	1610
120249176071730167	120242445441270167	879	592
120249176070740167	120242445441270167	835	801
120249069983680167	120242445441270167	4005	3870
120249069969790167	120242445441270167	1902	1531
120249069950380167	120242445441270167	1360	895
120249020714940167	120242445441270167	5579	5467
120249020624430167	120242445441270167	1898	1594
120248898272860167	120242445441270167	1674	1684
120248898263350167	120242445441270167	865	847
120248530261670167	120242445441270167	2750	2471
120248341577480167	120242445441270167	2309	1846
120248341561120167	120242445441270167	1081	1093
120248341548470167	120242445441270167	137	134
120248334960360167	120242445441270167	441	429
120248334930940167	120242445441270167	175	171
120247256194240167	120242445441270167	560	551
120250308384270167	120242445441270167	3613	3642
120250308343730167	120242445441270167	9157	9267
120250114986290167	120242445441270167	523	507
120250114986240167	120242445441270167	8512	8341
120250114977080167	120242445441270167	1122	1095
120249992963230167	120242445441270167	1934	1921
120249992335170167	120242445441270167	2040	1162
120249992226780167	120242445441270167	1712	591
120249992156470167	120242445441270167	2276	506
120249991414980167	120242445441270167	26717	26532
120249990716300167	120242445441270167	1337	748
120249990690510167	120242445441270167	3876	1398
120249990614210167	120242445441270167	15054	13142
120249779562110167	120242445441270167	2286	2219
120249641692540167	120242445441270167	3185	3162
120249641651420167	120242445441270167	1803	1322
120249469567200167	120242445441270167	2910	2864
120249469567010167	120242445441270167	3723	3612
120250212038440167	120242445441270167	680	315
120250114976980167	120242445441270167	1256	1240
120250114976680167	120242445441270167	2072	1995
120249919047430167	120242445441270167	2861	2792
120250308343750167	120242445441270167	2520	2498
120250212082910167	120242445441270167	13474	11041
120250212055790167	120242445441270167	1849	1383
120250212023880167	120242445441270167	6763	2765
120249993034910167	120242445441270167	4460	4599
120249701534270167	120246363709570167	70139	52792
120250374419270167	120246363709570167	6708	6846
120248789397960167	120246363709570167	136466	98199
120246363710970167	120246363709570167	1348	1395
120249918254160167	120246363709570167	11532	10524
120249784194200167	120246363709570167	33706	32613
120246363710920167	120246363709570167	1561	1516
120248324906930167	120246363709570167	5335	5224
120246363710910167	120246363709570167	849	810
120247887628100167	120246363709570167	7022	6158
120247758597150167	120246363709570167	10848	9545
120246363711040167	120246363709570167	56448	55289
120249019731940167	120246363709570167	101586	80330
120249652815090167	120246363709570167	2182	2215
120248715237150167	120246363709570167	10630	8556
120248612012470167	120246363709570167	19560	16403
120246363710740167	120246363709570167	3752	3666
120249784171630167	120246363709570167	15215	14522
120249784181830167	120246363709570167	7295	7299
120246363710880167	120246363709570167	12907	10954
120246363711050167	120246363709570167	4608	4469
120249315126190167	120246363709570167	9974	9116
120250115000200167	120246363709570167	10771	9990
120248822296120167	120246363709570167	20895	18883
120249242631140167	120246363709570167	25363	23163
120247889446440167	120246363709570167	61435	60316
120246363710990167	120246363709570167	30005	29504
120246363710890167	120246363709570167	4293	4277
120249918291540167	120246363709570167	9638	9420
120249105347140167	120246363709570167	46589	38900
120247888972120167	120246363709570167	1639	1586
120246363710980167	120246363709570167	5630	5577
120248715194060167	120246363709570167	2277	1964
120246363710870167	120246363709570167	5246	5173
120250211394320167	120246363709570167	14911	15135
120248964820460167	120246363709570167	581	583
120248612089090167	120246363709570167	37870	26815
120247887774070167	120246363709570167	3328	2960
120245842589820167	120216508762540167	329	287
120246694266050167	120246694233570167	1476	1406
120246694233530167	120246694233570167	262	256
120246694266000167	120246694233570167	1745	1564
120246694233280167	120246694233570167	224	213
120246694232840167	120246694233570167	5406	5349
120246694232680167	120246694233570167	20	19
120246694233580167	120246694233570167	676	669
120246694233510167	120246694233570167	558	550
120246694233300167	120246694233570167	722	708
120243891297970167	120216508762540167	582	573
120243891317760167	120216508762540167	4588	3909
