ad_id	clicks_all	link_clicks
120246191401160167	17544	16254
120246363710880167	12907	10954
120246694233300167	722	708
120246912412500167	5670	5598
120246913718270167	6004	5228
120246913787420167	77099	75929
120246981244000167	14747	14506
120247333574270167	2251	2071
120247887628100167	7022	6158
120248324906930167	5335	5224
120247889143360167	3722	3574
120247888972120167	1639	1586
120247887774070167	3328	2960
120247888457690167	1632	1552
120248526868210167	12770	6122
120248612089090167	37870	26815
120248489704700167	15023	8655
120248612012470167	19560	16403
120248715237150167	10630	8556
120248718076390167	913	898
120248715194060167	2277	1964
120248686842540167	4254	3723
120248789397960167	136466	98199
120248790253970167	47255	39742
120248822296120167	20895	18883
120249069900960167	26	27
120248964820460167	581	583
120249017523680167	105	100
120249089572460167	5072	3157
120249069884080167	9007	5162
120249105347140167	46589	38900
120249135201100167	12489	10724
120249105317450167	6414	5097
120249089547390167	13372	9213
120249114098820167	9008	8966
120249190061250167	1523	1490
120249248763350167	123	127
120249242654880167	116922	104893
120249242631140167	25363	23163
120249315126190167	9974	9116
120249641997610167	1046	1052
120249652815090167	2182	2215
120249642037430167	1487	1438
120249701534270167	70139	52792
120249784194200167	33706	32613
120249784181830167	7295	7299
120249784171630167	15215	14522
120249918296230167	6976	6756
120249918254160167	11532	10524
120249917976060167	36969	35701
120249859615790167	45877	45829
120249918145530167	34582	34955
120249918291540167	9638	9420
120250094596930167	6074	3604
120250115000200167	10771	9990
120250211406300167	634	615
120250211394320167	14911	15135
120250211380190167	2416	2069
120250211390460167	1080	1067
120250211383450167	2311	1995
120250258111880167	562	213
120250374419270167	6708	6846
