ad_id,campaign_name,installs,signups,trial_starts,trial_starts_sa,trial_starts_ca,trial_converts,trial_converts_sa,trial_converts_ca,initial_purchases,paid,ltv,forecasted_ltv,trial_or_purchase_sa
No Ad ID,tw_meta_standard_ios_tw-en_pros_trial_ongoing_scaling2,13165,5265.0,1619.0,1619.0,0.0,627.63,627.63,0.0,0.0,627.63,64826.6,58970.4,0
120248789397960167,tw_meta_standard_ios_tw-en_pros_trial_ongoing_scaling2,4488,2392.0,735.0,735.0,0.0,278.87,278.87,0.0,0.0,278.87,28508.6,26066.9,776
120249242654880167,tw_meta_standard_ios_tw-en_pros_trial_ongoing_scaling2,4424,2560.0,657.0,657.0,0.0,251.52,251.52,0.0,0.0,251.52,26066.2,22904.2,689
120249019731940167,tw_meta_standard_ios_tw-en_pros_trial_ongoing_scaling2,3420,1778.0,464.0,464.0,0.0,175.64,175.64,0.0,0.0,175.64,18146.0,16203.2,485
120249105347140167,tw_meta_standard_ios_tw-en_pros_trial_ongoing_scaling2,2052,1094.0,329.0,329.0,0.0,125.85,125.85,0.0,0.0,125.85,12817.4,11660.6,344
120246363710990167,tw_meta_standard_ios_tw-en_pros_trial_ongoing_scaling2,1690,926.0,289.0,289.0,0.0,116.29,116.29,0.0,0.0,116.29,11927.4,10996.3,298
120245092958860167,tw_meta_standard_ios_tw-en_pros_trial_ongoing_winning,1241,620.0,258.0,258.0,0.0,102.26,102.26,0.0,0.0,102.26,10466.8,9719.8,281
120246913787420167,tw_meta_standard_ios_tw-en_pros_trial_ongoing_winning,1697,723.0,252.0,252.0,0.0,95.99,95.99,0.0,0.0,95.99,9897.2,8954.9,274
120248790253970167,tw_meta_standard_ios_tw-en_pros_trial_ongoing_winning,1709,769.0,225.0,225.0,0.0,85.95,85.95,0.0,0.0,85.95,8782.8,7983.1,238
120242147246810167,tw_meta_standard_ios_tw-en_pros_trial_ongoing_winning,967,535.0,193.0,193.0,0.0,77.44,77.44,0.0,0.0,77.44,7998.9,7622.7,204
120249784194200167,tw_meta_standard_ios_tw-en_pros_trial_ongoing_scaling2,1331,682.0,191.0,191.0,0.0,74.98,74.98,0.0,0.0,74.98,7797.7,6626.5,204
120249701534270167,tw_meta_standard_ios_tw-en_pros_trial_ongoing_scaling2,1324,630.0,188.0,188.0,0.0,69.24,69.24,0.0,0.0,69.24,7199.9,6574.1,202
120248612089090167,tw_meta_standard_ios_tw-en_pros_trial_ongoing_scaling2,1099,527.0,167.0,167.0,0.0,65.44,65.44,0.0,0.0,65.44,6663.4,5918.5,177
120247889446440167,tw_meta_standard_ios_tw-en_pros_trial_ongoing_scaling2,990,459.0,161.0,161.0,0.0,63.47,63.47,0.0,0.0,63.47,6497.4,5781.4,177
120249859615790167,tw_meta_standard_ios_tw-en_pros_trial_ongoing_scaling2,825,456.0,162.0,162.0,0.0,61.5,61.5,0.0,0.0,61.5,6395.7,5658.3,173
120236574936400167,tw_meta_standard_ios_tw-en_pros_trial_ongoing_winning,914,390.0,136.0,136.0,0.0,54.93,54.93,0.0,0.0,54.93,5674.8,5375.7,143
120246981244000167,No Campaign Name,925,397.0,139.0,139.0,0.0,54.49,54.49,0.0,0.0,54.49,5566.8,5069.1,159
120248715237150167,tw_meta_standard_ios_tw-en_pros_trial_ongoing_scaling2,622,341.0,120.0,120.0,0.0,48.18,48.18,0.0,0.0,48.18,4883.2,4273.7,126
120248612012470167,No Campaign Name,736,355.0,114.0,114.0,0.0,45.71,45.71,0.0,0.0,45.71,4629.1,4063.7,127
120249917976060167,tw_meta_standard_ios_tw-en_pros_trial_ongoing_winning,876,415.0,117.0,117.0,0.0,42.93,42.93,0.0,0.0,42.93,4463.7,4085.4,123
120246363711040167,tw_meta_standard_ios_tw-en_pros_trial_ongoing_scaling2,767,289.0,106.0,106.0,0.0,42.71,42.71,0.0,0.0,42.71,4388.1,4079.8,115
120248489704700167,tw_meta_standard_ios_tw-en_pros_trial_ongoing_winning,647,249.0,98.0,98.0,0.0,40.53,40.53,0.0,0.0,40.53,4103.6,3494.2,107
120248526868210167,No Campaign Name,532,230.0,97.0,97.0,0.0,39.68,39.68,0.0,0.0,39.68,4017.5,3458.5,104
120248822296120167,tw_meta_standard_ios_tw-en_pros_trial_ongoing_scaling2,583,312.0,91.0,91.0,0.0,35.68,35.68,0.0,0.0,35.68,3614.7,3242.7,97
120249784171630167,tw_meta_standard_ios_tw-en_pros_trial_ongoing_scaling2,611,304.0,79.0,79.0,0.0,31.06,31.06,0.0,0.0,31.06,3230.2,2740.1,84
120246191491950167,tw_meta_standard_ios_tw-en_pros_trial_ongoing_winning,345,137.0,66.0,66.0,0.0,25.73,25.73,0.0,0.0,25.73,2649.5,2516.1,69
120247887628100167,tw_meta_standard_ios_tw-en_pros_trial_ongoing_scaling2,322,172.0,58.0,58.0,0.0,24.23,24.23,0.0,0.0,24.23,2503.8,2294.3,64
120249918254160167,tw_meta_standard_ios_tw-en_pros_trial_ongoing_scaling2,387,209.0,58.0,58.0,0.0,22.98,22.98,0.0,0.0,22.98,2389.4,2012.3,67
120249176077580167,tw_meta_standard_ios_tw-en_pros_purchase_ongoing_no-disc_testing,368,203.0,60.0,60.0,0.0,22.52,22.52,0.0,0.0,22.52,2297.9,2122.8,68
120246363710880167,tw_meta_standard_ios_tw-en_pros_trial_ongoing_scaling2,321,150.0,53.0,53.0,0.0,21.45,21.45,0.0,0.0,21.45,2210.8,2069.2,58
120247758597150167,tw_meta_standard_ios_tw-en_pros_trial_ongoing_scaling2,262,126.0,48.0,48.0,0.0,19.8,19.8,0.0,0.0,19.8,2044.8,1894.8,52
120249918980570167,tw_meta_standard_ios_tw-en_pros_purchase_ongoing_no-disc_testing,557,182.0,52.0,52.0,0.0,19.73,19.73,0.0,0.0,19.73,2051.4,1807.8,57
120246913718270167,tw_meta_standard_ios_tw-en_pros_trial_ongoing_winning,337,144.0,50.0,50.0,0.0,19.6,19.6,0.0,0.0,19.6,2025.4,1969.3,55
120249242631140167,tw_meta_standard_ios_tw-en_pros_trial_ongoing_scaling2,402,161.0,50.0,50.0,0.0,18.69,18.69,0.0,0.0,18.69,1894.5,1780.8,54
120248334979440167,tw_meta_standard_ios_tw-en_pros_purchase_ongoing_no-disc_testing,190,117.0,43.0,43.0,0.0,17.81,17.81,0.0,0.0,17.81,1806.2,1548.8,46
120249469567010167,tw_meta_standard_ios_tw-en_pros_purchase_ongoing_no-disc_testing,236,142.0,45.0,45.0,0.0,17.73,17.73,0.0,0.0,17.73,1843.3,1561.4,48
120249315126190167,tw_meta_standard_ios_tw-en_pros_trial_ongoing_scaling2,301,144.0,45.0,45.0,0.0,16.86,16.86,0.0,0.0,16.86,1730.6,1582.1,48
120249020714940167,tw_meta_standard_ios_tw-en_pros_purchase_ongoing_no-disc_testing,246,119.0,42.0,42.0,0.0,15.67,15.67,0.0,0.0,15.67,1629.4,1456.7,43
120248334982400167,tw_meta_standard_ios_tw-en_pros_purchase_ongoing_no-disc_testing,178,96.0,37.0,37.0,0.0,15.38,15.38,0.0,0.0,15.38,1583.6,1436.3,39
120246280893240167,tw_meta_standard_ios_tw-en_pros_purchase_ongoing_no-disc_testing,187,96.0,36.0,36.0,0.0,14.25,14.25,0.0,0.0,14.25,1472.3,1424.0,38
120246363710870167,tw_meta_standard_ios_tw-en_pros_trial_ongoing_scaling2,230,104.0,35.0,35.0,0.0,14.02,14.02,0.0,0.0,14.02,1448.2,1384.5,37
120248719356730167,tw_meta_standard_ios_tw-en_pros_purchase_ongoing_no-disc_testing,157,79.0,34.0,34.0,0.0,14.01,14.01,0.0,0.0,14.01,1418.2,1212.3,35
120246363710980167,tw_meta_standard_ios_tw-en_pros_trial_ongoing_wining2,231,108.0,34.0,34.0,0.0,13.69,13.69,0.0,0.0,13.69,1414.3,1344.9,34
120249918145530167,tw_meta_standard_ios_tw-en_pros_trial_ongoing_scaling2,214,87.0,34.0,34.0,0.0,12.82,12.82,0.0,0.0,12.82,1333.4,1187.8,37
120249918291540167,tw_meta_standard_ios_tw-en_pros_trial_ongoing_scaling2,200,69.0,32.0,32.0,0.0,12.73,12.73,0.0,0.0,12.73,1324.1,1109.9,32
120250115000200167,tw_meta_standard_ios_tw-en_pros_trial_ongoing_scaling2,243,100.0,36.0,36.0,0.0,12.72,12.72,0.0,0.0,12.72,1323.0,1270.5,39
120248718399620167,tw_meta_standard_ios_tw-en_pros_purchase_ongoing_no-disc_testing,240,118.0,30.0,30.0,0.0,12.3,12.3,0.0,0.0,12.3,1245.1,1069.6,35
120246912412500167,tw_meta_standard_ios_tw-en_pros_trial_ongoing_winning,305,149.0,31.0,31.0,0.0,12.22,12.22,0.0,0.0,12.22,1263.0,1226.2,32
120249779562150167,tw_meta_standard_ios_tw-en_pros_purchase_ongoing_no-disc_testing,154,83.0,30.0,30.0,0.0,11.91,11.91,0.0,0.0,11.91,1239.0,1040.5,32
120247889143360167,tw_meta_standard_ios_tw-en_pros_trial_ongoing_winning,230,70.0,30.0,30.0,0.0,11.87,11.87,0.0,0.0,11.87,1209.8,1085.3,35
120245417330630167,tw_meta_standard_ios_tw-en_pros_trial_ongoing_winning,187,81.0,30.0,30.0,0.0,11.77,11.77,0.0,0.0,11.77,1216.0,1186.7,33
120247887774070167,tw_meta_standard_ios_tw-en_pros_trial_ongoing_scaling2,134,71.0,28.0,28.0,0.0,11.57,11.57,0.0,0.0,11.57,1185.7,1060.8,29
120249176075550167,tw_meta_standard_ios_tw-en_pros_purchase_ongoing_no-disc_testing,251,110.0,30.0,30.0,0.0,11.46,11.46,0.0,0.0,11.46,1159.8,1069.6,30
120249918296230167,tw_meta_standard_ios_tw-en_pros_trial_ongoing_winning,246,77.0,27.0,27.0,0.0,10.37,10.37,0.0,0.0,10.37,1078.0,941.9,31
120248686842540167,tw_meta_standard_ios_tw-en_pros_trial_ongoing_winning,162,66.0,25.0,25.0,0.0,10.05,10.05,0.0,0.0,10.05,1017.5,891.4,25
120246694232840167,tw_meta_standard_ios_tw-en_pros_trial_ongoing_winning3,110,61.0,25.0,25.0,0.0,9.87,9.87,0.0,0.0,9.87,1019.9,988.9,25
120250114986240167,tw_meta_standard_ios_tw-en_pros_purchase_ongoing_no-disc_testing,167,78.0,28.0,28.0,0.0,9.69,9.69,0.0,0.0,9.69,1007.1,988.2,31
120246191401160167,tw_meta_standard_ios_tw-en_pros_trial_ongoing_winning,184,77.0,25.0,25.0,0.0,9.18,9.18,0.0,0.0,9.18,951.8,929.2,27
120248324906930167,tw_meta_standard_ios_tw-en_pros_trial_ongoing_scaling2,170,72.0,22.0,22.0,0.0,9.17,9.17,0.0,0.0,9.17,945.3,862.4,24
120246997861740167,tw_meta_standard_ios_tw-en_pros_purchase_ongoing_no-disc_testing,112,69.0,23.0,23.0,0.0,9.12,9.12,0.0,0.0,9.12,942.7,909.8,23
120250212082910167,tw_meta_standard_ios_tw-en_pros_purchase_ongoing_no-disc_testing,138,69.0,25.0,25.0,0.0,8.78,8.78,0.0,0.0,8.78,913.4,882.3,26
120247189268040167,tw_meta_standard_ios_tw-en_pros_purchase_ongoing_no-disc_testing,134,59.0,20.0,20.0,0.0,8.36,8.36,0.0,0.0,8.36,863.3,791.1,22
120245417330650167,tw_meta_standard_ios_tw-en_pros_trial_ongoing_winning,117,50.0,21.0,21.0,0.0,8.24,8.24,0.0,0.0,8.24,851.3,830.7,22
120249069884080167,tw_meta_standard_ios_tw-en_pros_trial_ongoing_scaling2,148,57.0,21.0,21.0,0.0,8.11,8.11,0.0,0.0,8.11,820.7,748.8,22
120249990614210167,tw_meta_standard_ios_tw-en_pros_purchase_ongoing_no-disc_testing,149,57.0,22.0,22.0,0.0,7.87,7.87,0.0,0.0,7.87,818.3,772.2,25
120249469567200167,tw_meta_standard_ios_tw-en_pros_purchase_ongoing_no-disc_testing,99,50.0,20.0,20.0,0.0,7.7,7.7,0.0,0.0,7.7,800.9,693.7,20
120248530261670167,tw_meta_standard_ios_tw-en_pros_purchase_ongoing_no-disc_testing,78,39.0,18.0,18.0,0.0,7.36,7.36,0.0,0.0,7.36,745.4,641.8,18
120248341577480167,tw_meta_standard_ios_tw-en_pros_purchase_ongoing_no-disc_testing,69,34.0,17.0,17.0,0.0,6.99,6.99,0.0,0.0,6.99,707.4,606.1,17
120249135201100167,tw_meta_standard_ios_tw-en_pros_trial_ongoing_winning,202,57.0,18.0,18.0,0.0,6.84,6.84,0.0,0.0,6.84,694.8,639.8,21
120247333574270167,tw_meta_standard_ios_tw-en_pros_trial_ongoing_winning,105,45.0,16.0,16.0,0.0,6.56,6.56,0.0,0.0,6.56,670.2,597.8,18
120247011580490167,tw_meta_standard_ios_tw-en_pros_purchase_ongoing_no-disc_testing,62,38.0,16.0,16.0,0.0,6.46,6.46,0.0,0.0,6.46,667.6,632.9,17
120249784181830167,tw_meta_standard_ios_tw-en_pros_trial_ongoing_scaling2,103,46.0,16.0,16.0,0.0,6.24,6.24,0.0,0.0,6.24,648.7,554.9,18
120246363711050167,tw_meta_standard_ios_tw-en_pros_trial_ongoing_scaling2,103,49.0,16.0,16.0,0.0,6.09,6.09,0.0,0.0,6.09,631.5,584.2,19
120249017877220167,tw_meta_standard_ios_tw-en_pros_purchase_ongoing_no-disc_testing,72,33.0,15.0,15.0,0.0,5.89,5.89,0.0,0.0,5.89,596.1,534.8,15
120249020624430167,tw_meta_standard_ios_tw-en_pros_purchase_ongoing_no-disc_testing,77,43.0,15.0,15.0,0.0,5.82,5.82,0.0,0.0,5.82,588.7,534.8,16
120250212023880167,tw_meta_standard_ios_tw-en_pros_purchase_ongoing_no-disc_testing,106,49.0,16.0,16.0,0.0,5.66,5.66,0.0,0.0,5.66,588.8,564.7,18
120249779562110167,tw_meta_standard_ios_tw-en_pros_purchase_ongoing_no-disc_testing,81,45.0,14.0,14.0,0.0,5.54,5.54,0.0,0.0,5.54,576.1,485.6,15
120249089547390167,tw_meta_standard_ios_tw-en_pros_trial_ongoing_winning,179,53.0,14.0,14.0,0.0,5.37,5.37,0.0,0.0,5.37,543.5,499.2,14
120249069983680167,tw_meta_standard_ios_tw-en_pros_purchase_ongoing_no-disc_testing,84,35.0,14.0,14.0,0.0,5.33,5.33,0.0,0.0,5.33,539.4,499.2,14
120248719912650167,tw_meta_standard_ios_tw-en_pros_purchase_ongoing_no-disc_testing,92,39.0,13.0,13.0,0.0,5.24,5.24,0.0,0.0,5.24,530.5,463.5,13
120243701212520167,tw_meta_standard_ios_tw-en_pros_trial_ongoing_winning,96,45.0,13.0,13.0,0.0,5.24,5.24,0.0,0.0,5.24,541.7,514.2,15
120246694266000167,tw_meta_standard_ios_tw-en_pros_trial_ongoing_winning3,80,41.0,13.0,13.0,0.0,5.18,5.18,0.0,0.0,5.18,533.9,506.4,14
120249176071730167,tw_meta_standard_ios_tw-en_pros_purchase_ongoing_no-disc_testing,85,51.0,13.0,13.0,0.0,4.96,4.96,0.0,0.0,4.96,501.8,463.5,12
120246282591040167,tw_meta_standard_ios_tw-en_pros_purchase_ongoing_no-disc_testing,49,28.0,12.0,12.0,0.0,4.74,4.74,0.0,0.0,4.74,490.2,474.7,12
120246363710740167,tw_meta_standard_ios_tw-en_pros_trial_ongoing_wining2,110,45.0,12.0,12.0,0.0,4.73,4.73,0.0,0.0,4.73,488.6,474.7,13
120249089572460167,tw_meta_standard_ios_tw-en_pros_trial_ongoing_scaling2,74,35.0,12.0,12.0,0.0,4.65,4.65,0.0,0.0,4.65,470.7,427.9,13
120249089633250167,No Campaign Name,138,39.0,12.0,12.0,0.0,4.63,4.63,0.0,0.0,4.63,468.4,427.9,12
120248341561120167,tw_meta_standard_ios_tw-en_pros_purchase_ongoing_no-disc_testing,49,21.0,11.0,11.0,0.0,4.44,4.44,0.0,0.0,4.44,449.5,392.2,13
120250308343730167,tw_meta_standard_ios_tw-en_pros_purchase_ongoing_no-disc_testing,58,34.0,13.0,13.0,0.0,4.44,4.44,0.0,0.0,4.44,461.4,458.8,13
120249642037430167,tw_meta_standard_ios_tw-en_pros_trial_ongoing_winning,99,26.0,11.0,11.0,0.0,4.2,4.2,0.0,0.0,4.2,436.4,381.5,11
120247888972120167,tw_meta_standard_ios_tw-en_pros_trial_ongoing_scaling2,58,30.0,10.0,10.0,0.0,4.1,4.1,0.0,0.0,4.1,416.8,364.4,10
120246363710890167,tw_meta_standard_ios_tw-en_pros_trial_ongoing_winning2,70,27.0,10.0,10.0,0.0,3.94,3.94,0.0,0.0,3.94,407.1,395.6,12
120249991414980167,tw_meta_standard_ios_tw-en_pros_purchase_ongoing_no-disc_testing,110,26.0,10.0,10.0,0.0,3.56,3.56,0.0,0.0,3.56,370.0,351.1,10
120249105317450167,tw_meta_standard_ios_tw-en_pros_trial_ongoing_winning,97,27.0,9.0,9.0,0.0,3.41,3.41,0.0,0.0,3.41,347.8,319.0,9
120248720012760167,tw_meta_standard_ios_tw-en_pros_purchase_ongoing_no-disc_testing,35,20.0,8.0,8.0,0.0,3.27,3.27,0.0,0.0,3.27,331.3,285.2,8
120250094596930167,tw_meta_standard_ios_tw-en_pros_trial_ongoing_winning,122,42.0,9.0,9.0,0.0,3.18,3.18,0.0,0.0,3.18,330.4,317.6,10
120246280884370167,tw_meta_standard_ios_tw-en_pros_purchase_ongoing_no-disc_testing,85,24.0,8.0,8.0,0.0,3.15,3.15,0.0,0.0,3.15,325.7,316.5,9
120248964820460167,tw_meta_standard_ios_tw-en_pros_trial_ongoing_scaling2,37,25.0,8.0,8.0,0.0,3.13,3.13,0.0,0.0,3.13,317.1,285.2,8
120249176072690167,tw_meta_standard_ios_tw-en_pros_purchase_ongoing_no-disc_testing,31,14.0,8.0,8.0,0.0,2.97,2.97,0.0,0.0,2.97,307.8,278.4,8
120248715194060167,tw_meta_standard_ios_tw-en_pros_trial_ongoing_scaling2,33,18.0,7.0,7.0,0.0,2.87,2.87,0.0,0.0,2.87,290.3,249.6,7
120250114976680167,tw_meta_standard_ios_tw-en_pros_purchase_ongoing_no-disc_testing,55,27.0,8.0,8.0,0.0,2.84,2.84,0.0,0.0,2.84,295.4,282.3,8
120249018598560167,tw_meta_standard_ios_tw-en_pros_purchase_ongoing_no-disc_testing,70,17.0,7.0,7.0,0.0,2.74,2.74,0.0,0.0,2.74,277.8,249.6,7
120249641997610167,tw_meta_standard_ios_tw-en_pros_trial_ongoing_winning,52,13.0,7.0,7.0,0.0,2.74,2.74,0.0,0.0,2.74,284.5,242.8,8
120249779562090167,tw_meta_standard_ios_tw-en_pros_purchase_ongoing_no-disc_testing,51,28.0,7.0,7.0,0.0,2.71,2.71,0.0,0.0,2.71,281.7,243.4,7
120249652815090167,tw_meta_standard_ios_tw-en_pros_trial_ongoing_scaling2,47,22.0,7.0,7.0,0.0,2.67,2.67,0.0,0.0,2.67,278.1,242.8,8
120249176070740167,tw_meta_standard_ios_tw-en_pros_purchase_ongoing_no-disc_testing,17,13.0,7.0,7.0,0.0,2.65,2.65,0.0,0.0,2.65,267.8,249.6,6
120246280873500167,tw_meta_standard_ios_tw-en_pros_purchase_ongoing_no-disc_testing,29,14.0,6.0,6.0,0.0,2.43,2.43,0.0,0.0,2.43,250.7,237.3,7
120246282571790167,tw_meta_standard_ios_tw-en_pros_purchase_ongoing_no-disc_testing,13,7.0,6.0,6.0,0.0,2.41,2.41,0.0,0.0,2.41,248.6,237.3,6
120246438347130167,tw_meta_standard_ios_tw-en_pros_purchase_ongoing_no-disc_testing,23,12.0,6.0,6.0,0.0,2.37,2.37,0.0,0.0,2.37,244.6,237.3,6
120245417330640167,tw_meta_standard_ios_tw-en_pros_trial_ongoing_winning,60,23.0,6.0,6.0,0.0,2.34,2.34,0.0,0.0,2.34,242.3,237.3,6
120245867742990167,tw_meta_standard_ios_tw-en_pros_purchase_ongoing_no-disc_testing,29,13.0,6.0,6.0,0.0,2.32,2.32,0.0,0.0,2.32,240.2,237.3,6
120249641760720167,tw_meta_standard_ios_tw-en_pros_purchase_ongoing_no-disc_testing,60,13.0,6.0,6.0,0.0,2.3,2.3,0.0,0.0,2.3,239.0,208.1,6
120249020715110167,tw_meta_standard_ios_tw-en_pros_purchase_ongoing_no-disc_testing,13,11.0,6.0,6.0,0.0,2.29,2.29,0.0,0.0,2.29,231.6,213.9,7
120248719893710167,tw_meta_standard_ios_tw-en_pros_purchase_ongoing_no-disc_testing,29,11.0,5.0,5.0,0.0,2.04,2.04,0.0,0.0,2.04,206.7,178.3,5
120247256194240167,tw_meta_standard_ios_tw-en_pros_purchase_ongoing_no-disc_testing,20,13.0,5.0,5.0,0.0,2.03,2.03,0.0,0.0,2.03,209.6,197.8,5
120249017985740167,tw_meta_standard_ios_tw-en_pros_purchase_ongoing_no-disc_testing,23,6.0,5.0,5.0,0.0,1.98,1.98,0.0,0.0,1.98,201.6,177.3,5
120246000716820167,tw_meta_standard-aem_ios_tw-en_pros_trial_ongoing_no-disc_scaling,199,78.0,5.0,5.0,0.0,1.94,1.94,0.0,0.0,1.94,200.1,197.8,5
120249469568100167,tw_meta_standard_ios_tw-en_pros_purchase_ongoing_no-disc_testing,36,15.0,5.0,5.0,0.0,1.9,1.9,0.0,0.0,1.9,198.0,173.4,6
120249114098820167,tw_meta_standard_ios_tw-en_pros_trial_ongoing_winning,108,23.0,5.0,5.0,0.0,1.9,1.9,0.0,0.0,1.9,192.5,178.3,9
120249176072350167,tw_meta_standard_ios_tw-en_pros_purchase_ongoing_no-disc_testing,34,13.0,5.0,5.0,0.0,1.88,1.88,0.0,0.0,1.88,193.8,175.4,5
120250308384310167,tw_meta_standard_ios_tw-en_pros_purchase_ongoing_no-disc_testing,17,5.0,5.0,5.0,0.0,1.71,1.71,0.0,0.0,1.71,177.6,176.5,6
120250329291480167,tw_meta_standard_ios_tw-en_pros_trial_ongoing_scaling2,21,14.0,5.0,5.0,0.0,1.7,1.7,0.0,0.0,1.7,177.1,176.5,5
120247235137270167,No Campaign Name,27,19.0,4.0,4.0,0.0,1.6,1.6,0.0,0.0,1.6,164.9,158.2,6
120248720435220167,tw_meta_standard_ios_tw-en_pros_purchase_ongoing_no-disc_testing,22,10.0,4.0,4.0,0.0,1.6,1.6,0.0,0.0,1.6,162.5,142.6,5
120246694266050167,tw_meta_standard_ios_tw-en_pros_trial_ongoing_winning3,15,9.0,4.0,4.0,0.0,1.6,1.6,0.0,0.0,1.6,164.8,158.2,4
120248898263350167,tw_meta_standard_ios_tw-en_pros_purchase_ongoing_no-disc_testing,17,8.0,4.0,4.0,0.0,1.59,1.59,0.0,0.0,1.59,160.6,142.6,4
120249992335170167,tw_meta_standard_ios_tw-en_pros_purchase_ongoing_no-disc_testing,28,12.0,4.0,4.0,0.0,1.53,1.53,0.0,0.0,1.53,159.2,138.7,4
120249469567140167,tw_meta_standard_ios_tw-en_pros_purchase_ongoing_no-disc_testing,12,7.0,4.0,4.0,0.0,1.53,1.53,0.0,0.0,1.53,158.7,138.7,4
120249992963230167,tw_meta_standard_ios_tw-en_pros_purchase_ongoing_no-disc_testing,14,6.0,4.0,4.0,0.0,1.5,1.5,0.0,0.0,1.5,155.6,138.7,4
120249992189790167,tw_meta_standard_ios_tw-en_pros_purchase_ongoing_no-disc_testing,30,11.0,4.0,4.0,0.0,1.49,1.49,0.0,0.0,1.49,155.4,138.7,5
120250114977080167,tw_meta_standard_ios_tw-en_pros_purchase_ongoing_no-disc_testing,17,7.0,4.0,4.0,0.0,1.44,1.44,0.0,0.0,1.44,149.6,141.2,4
120250211380190167,tw_meta_standard_ios_tw-en_pros_trial_ongoing_scaling2,15,8.0,4.0,4.0,0.0,1.38,1.38,0.0,0.0,1.38,144.0,141.2,4
120248612260260167,tw_meta_standard_ios_tw-en_pros_purchase_ongoing_no-disc_testing,14,4.0,3.0,3.0,0.0,1.24,1.24,0.0,0.0,1.24,125.7,107.0,3
120246280902840167,tw_meta_standard_ios_tw-en_pros_purchase_ongoing_no-disc_testing,13,8.0,3.0,3.0,0.0,1.23,1.23,0.0,0.0,1.23,127.6,118.7,3
120246282589460167,tw_meta_standard_ios_tw-en_pros_purchase_ongoing_no-disc_testing,12,8.0,3.0,3.0,0.0,1.19,1.19,0.0,0.0,1.19,122.8,118.7,3
120245149824260167,tw_meta_standard_ios_tw-en_pros_trial_ongoing_winning,9,3.0,3.0,3.0,0.0,1.17,1.17,0.0,0.0,1.17,120.4,118.7,3
120245904237110167,tw_meta_standard_ios_tw-en_pros_purchase_ongoing_no-disc_testing,5,3.0,3.0,3.0,0.0,1.17,1.17,0.0,0.0,1.17,120.8,118.7,3
120249641611010167,tw_meta_standard_ios_tw-en_pros_purchase_ongoing_no-disc_testing,31,7.0,3.0,3.0,0.0,1.16,1.16,0.0,0.0,1.16,120.3,104.1,3
120249018197870167,tw_meta_standard_ios_tw-en_pros_purchase_ongoing_no-disc_testing,25,12.0,3.0,3.0,0.0,1.13,1.13,0.0,0.0,1.13,115.2,106.0,3
6977353304992,JP_Meta_iOS_Trial_Advantage+,16,11.0,3.0,3.0,0.0,1.13,1.13,0.0,0.0,1.13,168.0,186.1,3
120249991458770167,tw_meta_standard_ios_tw-en_pros_purchase_ongoing_no-disc_testing,28,9.0,3.0,3.0,0.0,1.12,1.12,0.0,0.0,1.12,116.6,104.1,3
120249020669720167,tw_meta_standard_ios_tw-en_pros_purchase_ongoing_no-disc_testing,27,4.0,3.0,3.0,0.0,1.12,1.12,0.0,0.0,1.12,116.7,104.1,5
120249990716300167,tw_meta_standard_ios_tw-en_pros_purchase_ongoing_no-disc_testing,26,6.0,3.0,3.0,0.0,1.11,1.11,0.0,0.0,1.11,115.5,104.7,3
6977353302192,JP_Meta_iOS_Trial_Advantage+,14,6.0,3.0,3.0,0.0,1.1,1.1,0.0,0.0,1.1,163.8,192.5,3
120250211394320167,tw_meta_standard_ios_tw-en_pros_trial_ongoing_scaling2,58,8.0,3.0,3.0,0.0,1.06,1.06,0.0,0.0,1.06,110.1,105.9,4
120249761543890167,tw_meta_standard_web_tw-en_pros_purchase_promo_disc_TW_26Q3_Campaign_asc_scaling,143,2.0,3.0,3.0,0.0,1.05,1.05,0.0,0.0,1.05,109.3,105.9,4
120250308343750167,tw_meta_standard_ios_tw-en_pros_purchase_ongoing_no-disc_testing,28,10.0,3.0,3.0,0.0,1.02,1.02,0.0,0.0,1.02,106.4,105.9,3
120248334960360167,tw_meta_standard_ios_tw-en_pros_purchase_ongoing_no-disc_testing,13,8.0,2.0,2.0,0.0,0.83,0.83,0.0,0.0,0.83,86.1,79.1,2
120247235677870167,tw_meta_standard_ios_tw-en_pros_purchase_ongoing_no-disc_testing,20,5.0,2.0,2.0,0.0,0.83,0.83,0.0,0.0,0.83,84.9,75.2,2
120248341533720167,tw_meta_standard_ios_tw-en_pros_purchase_ongoing_no-disc_testing,8,4.0,2.0,2.0,0.0,0.82,0.82,0.0,0.0,0.82,82.7,71.3,2
120248898277620167,tw_meta_standard_ios_tw-en_pros_purchase_ongoing_no-disc_testing,28,8.0,2.0,2.0,0.0,0.82,0.82,0.0,0.0,0.82,83.1,71.3,3
120249918847860167,tw_meta_standard_ios_tw-en_pros_purchase_ongoing_no-disc_testing,20,11.0,2.0,2.0,0.0,0.81,0.81,0.0,0.0,0.81,83.8,69.4,3
120247011569420167,tw_meta_standard_ios_tw-en_pros_purchase_ongoing_no-disc_testing,13,6.0,2.0,2.0,0.0,0.81,0.81,0.0,0.0,0.81,83.4,79.1,2
120246280866870167,tw_meta_standard_ios_tw-en_pros_purchase_ongoing_no-disc_testing,18,5.0,2.0,2.0,0.0,0.81,0.81,0.0,0.0,0.81,83.8,79.1,2
120248341547190167,tw_meta_standard_ios_tw-en_pros_purchase_ongoing_no-disc_testing,14,8.0,2.0,2.0,0.0,0.81,0.81,0.0,0.0,0.81,82.2,71.3,2
120247187088560167,tw_meta_standard_ios_tw-en_pros_purchase_ongoing_no-disc_testing,12,4.0,2.0,2.0,0.0,0.8,0.8,0.0,0.0,0.8,82.3,79.1,2
120248898272860167,tw_meta_standard_ios_tw-en_pros_purchase_ongoing_no-disc_testing,20,6.0,2.0,2.0,0.0,0.8,0.8,0.0,0.0,0.8,81.4,71.3,3
120246997871260167,tw_meta_standard_ios_tw-en_pros_purchase_ongoing_no-disc_testing,10,7.0,2.0,2.0,0.0,0.79,0.79,0.0,0.0,0.79,81.5,79.1,2
120246280872770167,tw_meta_standard_ios_tw-en_pros_purchase_ongoing_no-disc_testing,18,6.0,2.0,2.0,0.0,0.79,0.79,0.0,0.0,0.79,81.1,79.1,2
120246694233580167,tw_meta_standard_ios_tw-en_pros_trial_ongoing_winning3,5,3.0,2.0,2.0,0.0,0.79,0.79,0.0,0.0,0.79,82.1,79.1,2
120246363710970167,tw_meta_standard_ios_tw-en_pros_trial_ongoing_wining2,23,5.0,2.0,2.0,0.0,0.79,0.79,0.0,0.0,0.79,81.1,79.1,2
120241585257650167,tw_meta_standard_ios_tw-en_pros_trial_ongoing_winning,21,1.0,2.0,2.0,0.0,0.79,0.79,0.0,0.0,0.79,81.7,79.1,2
120246363710920167,tw_meta_standard_ios_tw-en_pros_trial_ongoing_scaling2,15,4.0,2.0,2.0,0.0,0.79,0.79,0.0,0.0,0.79,82.0,79.1,2
120246280887120167,tw_meta_standard_ios_tw-en_pros_purchase_ongoing_no-disc_testing,9,4.0,2.0,2.0,0.0,0.79,0.79,0.0,0.0,0.79,81.6,79.1,3
120246280903630167,tw_meta_standard_ios_tw-en_pros_purchase_ongoing_no-disc_testing,5,2.0,2.0,2.0,0.0,0.78,0.78,0.0,0.0,0.78,81.1,79.1,2
120246005442010167,tw_meta_standard_ios_tw-en_pros_purchase_ongoing_no-disc_testing,20,7.0,2.0,2.0,0.0,0.78,0.78,0.0,0.0,0.78,80.2,79.1,2
120246280870660167,tw_meta_standard_ios_tw-en_pros_purchase_ongoing_no-disc_testing,20,4.0,2.0,2.0,0.0,0.78,0.78,0.0,0.0,0.78,80.2,79.1,2
120249779562130167,tw_meta_standard_ios_tw-en_pros_purchase_ongoing_no-disc_testing,16,4.0,2.0,2.0,0.0,0.78,0.78,0.0,0.0,0.78,80.6,69.4,4
120245867702310167,tw_meta_standard_ios_tw-en_pros_purchase_ongoing_no-disc_testing,9,3.0,2.0,2.0,0.0,0.78,0.78,0.0,0.0,0.78,80.4,79.1,2
120246331786010167,tw_meta_standard_ios_tw-en_pros_purchase_ongoing_no-disc_testing,21,5.0,2.0,2.0,0.0,0.78,0.78,0.0,0.0,0.78,80.5,79.1,2
120246191491930167,tw_meta_standard_ios_tw-en_pros_trial_ongoing_winning,46,13.0,2.0,2.0,0.0,0.78,0.78,0.0,0.0,0.78,80.8,79.1,2
120246001466170167,tw_meta_standard-aem_ios_tw-en_pros_trial_ongoing_no-disc_scaling,49,14.0,2.0,2.0,0.0,0.77,0.77,0.0,0.0,0.77,79.9,79.1,2
120245150209330167,tw_meta_standard_ios_tw-en_pros_trial_ongoing_winning,7,2.0,2.0,2.0,0.0,0.77,0.77,0.0,0.0,0.77,79.5,79.1,2
120246005441450167,tw_meta_standard_ios_tw-en_pros_purchase_ongoing_no-disc_testing,34,15.0,2.0,2.0,0.0,0.77,0.77,0.0,0.0,0.77,79.5,79.1,2
120249641692540167,tw_meta_standard_ios_tw-en_pros_purchase_ongoing_no-disc_testing,25,11.0,2.0,2.0,0.0,0.77,0.77,0.0,0.0,0.77,79.9,69.4,3
120246001466160167,tw_meta_standard-aem_ios_tw-en_pros_trial_ongoing_no-disc_scaling,10,3.0,2.0,2.0,0.0,0.77,0.77,0.0,0.0,0.77,79.5,79.1,2
120246000716800167,tw_meta_standard-aem_ios_tw-en_pros_trial_ongoing_no-disc_scaling,28,7.0,2.0,2.0,0.0,0.77,0.77,0.0,0.0,0.77,79.5,79.1,2
120245867684240167,tw_meta_standard_ios_tw-en_pros_purchase_ongoing_no-disc_testing,3,2.0,2.0,2.0,0.0,0.77,0.77,0.0,0.0,0.77,79.5,79.1,1
120245867679860167,tw_meta_standard_ios_tw-en_pros_purchase_ongoing_no-disc_testing,11,4.0,2.0,2.0,0.0,0.77,0.77,0.0,0.0,0.77,79.5,79.1,3
120249017523680167,tw_meta_standard_ios_tw-en_pros_trial_ongoing_winning,7,4.0,2.0,2.0,0.0,0.77,0.77,0.0,0.0,0.77,78.0,71.3,2
120245841850380167,tw_meta_standard_ios_tw-en_pros_trial_ongoing_winning,8,4.0,2.0,2.0,0.0,0.77,0.77,0.0,0.0,0.77,79.9,79.1,2
120249190061250167,tw_meta_standard_ios_tw-en_pros_trial_ongoing_winning,30,7.0,2.0,2.0,0.0,0.76,0.76,0.0,0.0,0.76,76.8,71.3,5
120249641651420167,tw_meta_standard_ios_tw-en_pros_purchase_ongoing_no-disc_testing,26,12.0,2.0,2.0,0.0,0.76,0.76,0.0,0.0,0.76,79.1,69.4,3
120249990690510167,tw_meta_standard_ios_tw-en_pros_purchase_ongoing_no-disc_testing,29,8.0,2.0,2.0,0.0,0.76,0.76,0.0,0.0,0.76,79.1,69.4,2
120249840102580167,HK_Meta_N/A_iOS_Trials_AEM,9,8.0,2.0,2.0,0.0,0.74,0.74,0.0,0.0,0.74,76.6,70.0,2
120249993034910167,tw_meta_standard_ios_tw-en_pros_purchase_ongoing_no-disc_testing,21,4.0,2.0,2.0,0.0,0.73,0.73,0.0,0.0,0.73,76.2,69.4,2
120249606618210167,tw_meta_standard_web_tw-en_pros_purchase_promo_disc_TW_26Q3_Campaign_asc_scaling,40,1.0,2.0,2.0,0.0,0.72,0.72,0.0,0.0,0.72,74.8,70.0,2
120250212038440167,tw_meta_standard_ios_tw-en_pros_purchase_ongoing_no-disc_testing,14,7.0,2.0,2.0,0.0,0.69,0.69,0.0,0.0,0.69,71.8,70.6,2
120250308384270167,tw_meta_standard_ios_tw-en_pros_purchase_ongoing_no-disc_testing,12,5.0,2.0,2.0,0.0,0.68,0.68,0.0,0.0,0.68,70.9,70.6,2
120248335034210167,tw_meta_standard_ios_tw-en_pros_purchase_ongoing_no-disc_testing,9,2.0,1.0,1.0,0.0,0.42,0.42,0.0,0.0,0.42,43.4,39.6,1
6960344560592,{{campaign.name}},1,1.0,1.0,1.0,0.0,0.42,0.42,0.0,0.0,0.42,61.4,62.3,1
6961586940392,JP_Meta_iOS_Trial_Advantage+,2,1.0,1.0,1.0,0.0,0.42,0.42,0.0,0.0,0.42,61.2,62.3,1
120247011579390167,tw_meta_standard_ios_tw-en_pros_purchase_ongoing_no-disc_testing,11,6.0,1.0,1.0,0.0,0.42,0.42,0.0,0.0,0.42,43.2,39.6,1
120248334931480167,tw_meta_standard_ios_tw-en_pros_purchase_ongoing_no-disc_testing,5,2.0,1.0,1.0,0.0,0.42,0.42,0.0,0.0,0.42,42.2,35.7,2
120246280866310167,tw_meta_standard_ios_tw-en_pros_purchase_ongoing_no-disc_testing,14,6.0,1.0,1.0,0.0,0.42,0.42,0.0,0.0,0.42,43.2,39.6,1
6989112644392,us_meta_standard_iOS_en-xx_pros_trial_ongoing_no-disc_BAU_cousin-labs,1,1.0,1.0,1.0,0.0,0.42,0.42,0.0,0.0,0.42,31.8,35.8,1
120248591592490167,HK_Meta_N/A_iOS_Trials_AEM,4,4.0,1.0,1.0,0.0,0.42,0.42,0.0,0.0,0.42,42.0,35.7,1
120247888457690167,tw_meta_standard_ios_tw-en_pros_trial_ongoing_winning,20,8.0,1.0,1.0,0.0,0.42,0.42,0.0,0.0,0.42,43.5,39.6,1
6983657862792,JP_Meta_iOS_Trial_Advantage+,3,2.0,1.0,1.0,0.0,0.41,0.41,0.0,0.0,0.41,60.6,62.3,1
120246997845970167,tw_meta_standard_ios_tw-en_pros_purchase_ongoing_no-disc_testing,2,1.0,1.0,1.0,0.0,0.41,0.41,0.0,0.0,0.41,41.9,39.6,1
120248334933310167,tw_meta_standard_ios_tw-en_pros_purchase_ongoing_no-disc_testing,5,2.0,1.0,1.0,0.0,0.41,0.41,0.0,0.0,0.41,41.6,35.7,1
120247011578560167,tw_meta_standard_ios_tw-en_pros_purchase_ongoing_no-disc_testing,18,8.0,1.0,1.0,0.0,0.41,0.41,0.0,0.0,0.41,42.1,39.6,3
120248898278710167,tw_meta_standard_ios_tw-en_pros_purchase_ongoing_no-disc_testing,19,3.0,1.0,1.0,0.0,0.41,0.41,0.0,0.0,0.41,41.5,35.7,1
120248898291360167,tw_meta_standard_ios_tw-en_pros_purchase_ongoing_no-disc_testing,30,10.0,1.0,1.0,0.0,0.41,0.41,0.0,0.0,0.41,41.7,35.7,1
120248719873780167,tw_meta_standard_ios_tw-en_pros_purchase_ongoing_no-disc_testing,14,4.0,1.0,1.0,0.0,0.41,0.41,0.0,0.0,0.41,41.7,35.7,1
120249918769370167,tw_meta_standard_ios_tw-en_pros_purchase_ongoing_no-disc_testing,10,1.0,1.0,1.0,0.0,0.4,0.4,0.0,0.0,0.4,41.9,34.7,1
120248719430200167,tw_meta_standard_web_tw-en_pros_purchase_ongoing_no-disc_testing,5,1.0,1.0,1.0,0.0,0.4,0.4,0.0,0.0,0.4,40.6,35.7,1
120249698063470167,HK_Meta_N/A_iOS_Trials_AEM,2,2.0,1.0,1.0,0.0,0.4,0.4,0.0,0.0,0.4,41.2,34.7,1
120249017782920167,tw_meta_standard_ios_tw-en_pros_purchase_ongoing_no-disc_testing,23,10.0,1.0,1.0,0.0,0.4,0.4,0.0,0.0,0.4,40.4,35.7,1
120248898277700167,tw_meta_standard_ios_tw-en_pros_purchase_ongoing_no-disc_testing,15,4.0,1.0,1.0,0.0,0.4,0.4,0.0,0.0,0.4,40.9,35.7,0
120249918716020167,tw_meta_standard_ios_tw-en_pros_purchase_ongoing_no-disc_testing,12,2.0,1.0,1.0,0.0,0.4,0.4,0.0,0.0,0.4,41.2,34.7,1
7001137322392,JP_Meta_iOS_Start_Trial_AEM_Personas,1,1.0,1.0,1.0,0.0,0.4,0.4,0.0,0.0,0.4,57.8,62.6,1
120247254596060167,tw_meta_standard_ios_tw-en_pros_purchase_ongoing_no-disc_testing,4,2.0,1.0,1.0,0.0,0.4,0.4,0.0,0.0,0.4,41.7,39.6,1
120249919047430167,tw_meta_standard_ios_tw-en_pros_purchase_ongoing_no-disc_testing,15,5.0,1.0,1.0,0.0,0.4,0.4,0.0,0.0,0.4,41.8,34.7,1
6966914551592,JP_Meta_iOS_Trial_Advantage+,3,1.0,1.0,1.0,0.0,0.39,0.39,0.0,0.0,0.39,57.6,62.3,1
120249918894470167,tw_meta_standard_ios_tw-en_pros_purchase_ongoing_no-disc_testing,16,3.0,1.0,1.0,0.0,0.39,0.39,0.0,0.0,0.39,41.0,34.7,1
120246694233530167,tw_meta_standard_ios_tw-en_pros_trial_ongoing_winning3,13,8.0,1.0,1.0,0.0,0.39,0.39,0.0,0.0,0.39,40.6,39.6,1
120249779562330167,tw_meta_standard_ios_tw-en_pros_purchase_ongoing_no-disc_testing,12,7.0,1.0,1.0,0.0,0.39,0.39,0.0,0.0,0.39,40.3,34.7,1
120244975026320167,tw_meta_standard_ios_tw-en_pros_purchase_ongoing_no-disc_testing,5,1.0,1.0,1.0,0.0,0.39,0.39,0.0,0.0,0.39,40.6,39.6,1
120246363710910167,tw_meta_standard_ios_tw-en_pros_trial_ongoing_winning2,28,9.0,1.0,1.0,0.0,0.39,0.39,0.0,0.0,0.39,40.4,39.6,1
120246997847200167,tw_meta_standard_ios_tw-en_pros_purchase_ongoing_no-disc_testing,3,2.0,1.0,1.0,0.0,0.39,0.39,0.0,0.0,0.39,40.6,39.6,1
120249990578130167,tw_meta_standard_ios_tw-en_pros_purchase_ongoing_no-disc_testing,15,6.0,1.0,1.0,0.0,0.38,0.38,0.0,0.0,0.38,39.2,34.7,1
120246005437580167,tw_meta_standard_ios_tw-en_pros_purchase_ongoing_no-disc_testing,3,1.0,1.0,1.0,0.0,0.38,0.38,0.0,0.0,0.38,39.8,39.6,1
6968039734392,us_meta_standard_iOS_en-xx_pros_trial_ongoing_no-disc_BAU_cousin-labs-2,1,1.0,1.0,1.0,0.0,0.38,0.38,0.0,0.0,0.38,28.8,35.8,1
6942074751992,us_meta_standard_iOS_en-xx_pros_trial_ongoing_no-disc_BAU_cousin-labs,2,2.0,1.0,1.0,0.0,0.38,0.38,0.0,0.0,0.38,29.1,33.8,1
120245867682590167,tw_meta_standard_ios_tw-en_pros_purchase_ongoing_no-disc_testing,6,3.0,1.0,1.0,0.0,0.38,0.38,0.0,0.0,0.38,39.8,39.6,1
120249481917410167,tw_meta_standard_web_tw-en_pros_purchase_promo_disc_TW_26Q3_Campaign_asc_scaling,24,1.0,1.0,1.0,0.0,0.38,0.38,0.0,0.0,0.38,39.4,34.7,2
120245867700400167,tw_meta_standard_ios_tw-en_pros_purchase_ongoing_no-disc_testing,3,2.0,1.0,1.0,0.0,0.38,0.38,0.0,0.0,0.38,39.8,39.6,1
120249069950380167,tw_meta_standard_ios_tw-en_pros_purchase_ongoing_no-disc_testing,14,7.0,1.0,1.0,0.0,0.38,0.38,0.0,0.0,0.38,38.2,35.7,1
120246000716790167,tw_meta_standard-aem_ios_tw-en_pros_trial_ongoing_no-disc_scaling,16,4.0,1.0,1.0,0.0,0.38,0.38,0.0,0.0,0.38,39.8,39.6,1
120249357534590167,tw_meta_standard_web_tw-en_pros_purchase_promo_disc_TW_26Q3_Campaign_asc_scaling,57,1.0,1.0,1.0,0.0,0.37,0.37,0.0,0.0,0.37,38.9,34.7,1
120249878670300167,tw_meta_standard_web_tw-en_pros_purchase_promo_disc_TW_26Q3_Campaign_asc_scaling,24,0.0,1.0,1.0,0.0,0.37,0.37,0.0,0.0,0.37,38.1,34.7,1
120250114976980167,tw_meta_standard_ios_tw-en_pros_purchase_ongoing_no-disc_testing,14,4.0,1.0,1.0,0.0,0.36,0.36,0.0,0.0,0.36,37.4,35.3,2
120250114986290167,tw_meta_standard_ios_tw-en_pros_purchase_ongoing_no-disc_testing,15,4.0,1.0,1.0,0.0,0.36,0.36,0.0,0.0,0.36,37.1,35.3,2
120250212055790167,tw_meta_standard_ios_tw-en_pros_purchase_ongoing_no-disc_testing,8,1.0,1.0,1.0,0.0,0.35,0.35,0.0,0.0,0.35,36.6,35.3,1
120250211383450167,tw_meta_standard_ios_tw-en_pros_trial_ongoing_winning,23,5.0,1.0,1.0,0.0,0.35,0.35,0.0,0.0,0.35,35.9,35.3,1
120250112779340167,tw_meta_standard_ios_tw-en_pros_trial_ongoing_winning,44,9.0,1.0,1.0,0.0,0.35,0.35,0.0,0.0,0.35,35.9,35.3,1
120250211406300167,tw_meta_standard_ios_tw-en_pros_trial_ongoing_winning,22,5.0,1.0,1.0,0.0,0.35,0.35,0.0,0.0,0.35,36.9,35.3,1
120249761319820167,tw_meta_standard_web_tw-en_pros_purchase_promo_disc_TW_26Q3_Campaign_asc_scaling,193,3.0,1.0,1.0,0.0,0.34,0.34,0.0,0.0,0.34,35.6,35.3,4
120243703760520167,tw_meta_standard_ios_tw-en_pros_trial_ongoing_winning,1,0.0,0.0,0.0,0.0,0.0,0.0,0.0,0.0,0.0,0.0,0.0,0
6962529673792,kr_meta_standard_app_ios_kr-en_pros_register_ongoing_no-disc,1,1.0,0.0,0.0,0.0,0.0,0.0,0.0,0.0,0.0,0.0,0.0,0
120245149598320167,tw_meta_standard_ios_tw-en_pros_trial_ongoing_winning,1,0.0,0.0,0.0,0.0,0.0,0.0,0.0,0.0,0.0,0.0,0.0,0
120246694233300167,tw_meta_standard_ios_tw-en_pros_trial_ongoing_winning3,7,1.0,0.0,0.0,0.0,0.0,0.0,0.0,0.0,0.0,0.0,0.0,0
6977353302392,JP_Meta_iOS_Trial_Advantage+,2,0.0,0.0,0.0,0.0,0.0,0.0,0.0,0.0,0.0,0.0,0.0,0
52513634844396,JP_Meta_iOS_Trial_Advantage+,2,1.0,0.0,0.0,0.0,0.0,0.0,0.0,0.0,0.0,0.0,0.0,0
120245219525630167,tw_meta_standard_ios_tw-en_pros_purchase_ongoing_no-disc_testing,1,0.0,0.0,0.0,0.0,0.0,0.0,0.0,0.0,0.0,0.0,0.0,0
120245867680940167,tw_meta_standard_ios_tw-en_pros_purchase_ongoing_no-disc_testing,10,1.0,0.0,0.0,0.0,0.0,0.0,0.0,0.0,0.0,0.0,0.0,0
6976191084992,JP_Meta_iOS_Start_Trial_AEM_Personas,1,0.0,0.0,0.0,0.0,0.0,0.0,0.0,0.0,0.0,0.0,0.0,0
120246001466140167,tw_meta_standard-aem_ios_tw-en_pros_trial_ongoing_no-disc_scaling,3,0.0,0.0,0.0,0.0,0.0,0.0,0.0,0.0,0.0,0.0,0.0,0
120240276401680167,tw_meta_standard_ios_tw-en_pros_trial_ongoing_winning,4,0.0,0.0,0.0,0.0,0.0,0.0,0.0,0.0,0.0,0.0,0.0,0
52511277572596,JP_Meta_iOS_Trial_Advantage+,1,0.0,0.0,0.0,0.0,0.0,0.0,0.0,0.0,0.0,0.0,0.0,0
120248334930940167,tw_meta_standard_ios_tw-en_pros_purchase_ongoing_no-disc_testing,5,2.0,0.0,0.0,0.0,0.0,0.0,0.0,0.0,0.0,0.0,0.0,0
120245842589820167,tw_meta_standard_ios_tw-en_pros_trial_ongoing_winning,4,1.0,0.0,0.0,0.0,0.0,0.0,0.0,0.0,0.0,0.0,0.0,0
6966916409192,jp_meta_ios_trial_web2app,,0.0,0.0,0.0,0.0,0.0,0.0,0.0,0.0,0.0,0.0,0.0,0
6975745488992,JP_Meta_iOS_Trial_Advantage+,1,1.0,0.0,0.0,0.0,0.0,0.0,0.0,0.0,0.0,0.0,0.0,0
120247430470740167,hk_meta_standard_ios_tw-en_pros_trial_ongoing_winning2,1,1.0,0.0,0.0,0.0,0.0,0.0,0.0,0.0,0.0,0.0,0.0,0
120244975023190167,tw_meta_standard_ios_tw-en_pros_purchase_ongoing_no-disc_testing,1,0.0,0.0,0.0,0.0,0.0,0.0,0.0,0.0,0.0,0.0,0.0,0
7001663745592,JP_Meta_iOS_Trial_Advantage+,1,1.0,0.0,0.0,0.0,0.0,0.0,0.0,0.0,0.0,0.0,0.0,0
120244974977440167,tw_meta_standard_ios_tw-en_pros_purchase_ongoing_no-disc_testing,1,0.0,0.0,0.0,0.0,0.0,0.0,0.0,0.0,0.0,0.0,0.0,0
120245904196600167,tw_meta_standard_ios_tw-en_pros_purchase_ongoing_no-disc_testing,1,0.0,0.0,0.0,0.0,0.0,0.0,0.0,0.0,0.0,0.0,0.0,0
120248823299170167,HK_Meta_N/A_iOS_Trials_AEM,2,1.0,0.0,0.0,0.0,0.0,0.0,0.0,0.0,0.0,0.0,0.0,0
52506532782996,us_meta_standard_iOS_en-xx_pros_trial_ongoing_no-disc_BAU_cousin-labs,3,1.0,0.0,0.0,0.0,0.0,0.0,0.0,0.0,0.0,0.0,0.0,0
120249248763350167,tw_meta_standard_ios_tw-en_pros_trial_ongoing_winning,1,0.0,0.0,0.0,0.0,0.0,0.0,0.0,0.0,0.0,0.0,0.0,0
120243891317760167,tw_meta_standard_ios_tw-en_pros_trial_ongoing_winning,8,0.0,0.0,0.0,0.0,0.0,0.0,0.0,0.0,0.0,0.0,0.0,0
120249439726290167,tw_meta_standard_web_tw-en_pros_purchase_promo_disc_TW_26Q3_Campaign_asc_scaling,1,0.0,0.0,0.0,0.0,0.0,0.0,0.0,0.0,0.0,0.0,0.0,0
7001137316392,JP_Meta_iOS_Start_Trial_AEM_Personas,1,0.0,0.0,0.0,0.0,0.0,0.0,0.0,0.0,0.0,0.0,0.0,0
120246543047390607,fr_meta_standard-aem_ios_fr-en_pros_trial_ongoing_no-disc_BAU&testing,1,0.0,0.0,0.0,0.0,0.0,0.0,0.0,0.0,0.0,0.0,0.0,0
52516289946196,JP_Meta_iOS_Start_Trial_AEM_Personas,1,1.0,0.0,0.0,0.0,0.0,0.0,0.0,0.0,0.0,0.0,0.0,0
52514747611596,JP_Meta_iOS_Start_Trial_AEM_Personas,1,1.0,0.0,0.0,0.0,0.0,0.0,0.0,0.0,0.0,0.0,0.0,0
120246005435710167,tw_meta_standard_ios_tw-en_pros_purchase_ongoing_no-disc_testing,2,0.0,0.0,0.0,0.0,0.0,0.0,0.0,0.0,0.0,0.0,0.0,0
120249992226780167,tw_meta_standard_ios_tw-en_pros_purchase_ongoing_no-disc_testing,22,4.0,0.0,0.0,0.0,0.0,0.0,0.0,0.0,0.0,0.0,0.0,0
120249069928080167,tw_meta_standard_ios_tw-en_pros_purchase_ongoing_no-disc_testing,12,4.0,0.0,0.0,0.0,0.0,0.0,0.0,0.0,0.0,0.0,0.0,0
120246280900700167,tw_meta_standard_ios_tw-en_pros_purchase_ongoing_no-disc_testing,6,1.0,0.0,0.0,0.0,0.0,0.0,0.0,0.0,0.0,0.0,0.0,0
120245867682020167,tw_meta_standard_ios_tw-en_pros_purchase_ongoing_no-disc_testing,2,0.0,0.0,0.0,0.0,0.0,0.0,0.0,0.0,0.0,0.0,0.0,0
120246067480760167,hk_meta_standard_ios_tw-en_pros_purchase_ongoing_no-disc_testing,1,0.0,0.0,0.0,0.0,0.0,0.0,0.0,0.0,0.0,0.0,0.0,0
120249481607080167,tw_meta_standard_web_tw-en_pros_purchase_promo_disc_TW_26Q3_Campaign_asc_scaling,8,0.0,0.0,0.0,0.0,0.0,0.0,0.0,0.0,0.0,0.0,0.0,0
120246697449970167,tw_meta_standard_web_tw-en_pros_purchase_ongoing_no-disc_testing,1,0.0,0.0,0.0,0.0,0.0,0.0,0.0,0.0,0.0,0.0,0.0,0
120250258111880167,tw_meta_standard_ios_tw-en_pros_trial_ongoing_winning,1,0.0,0.0,0.0,0.0,0.0,0.0,0.0,0.0,0.0,0.0,0.0,0
120244279746520167,tw_meta_standard_ios_tw-en_pros_purchase_ongoing_no-disc_testing,1,0.0,0.0,0.0,0.0,0.0,0.0,0.0,0.0,0.0,0.0,0.0,0
52512815758196,JP_Meta_iOS_Start_Trial_AEM_Personas,1,0.0,0.0,0.0,0.0,0.0,0.0,0.0,0.0,0.0,0.0,0.0,0
120244288158970167,tw_meta_standard_ios_tw-en_pros_purchase_ongoing_no-disc_testing,1,0.0,0.0,0.0,0.0,0.0,0.0,0.0,0.0,0.0,0.0,0.0,0
6956701466392,JP_Meta_iOS_Trial_Advantage+,1,0.0,0.0,0.0,0.0,0.0,0.0,0.0,0.0,0.0,0.0,0.0,0
120246005440870167,tw_meta_standard_ios_tw-en_pros_purchase_ongoing_no-disc_testing,3,0.0,0.0,0.0,0.0,0.0,0.0,0.0,0.0,0.0,0.0,0.0,0
120246000716810167,tw_meta_standard-aem_ios_tw-en_pros_trial_ongoing_no-disc_scaling,7,0.0,0.0,0.0,0.0,0.0,0.0,0.0,0.0,0.0,0.0,0.0,0
120243891297970167,tw_meta_standard_ios_tw-en_pros_trial_ongoing_winning,2,0.0,0.0,0.0,0.0,0.0,0.0,0.0,0.0,0.0,0.0,0.0,0
120245149713520167,tw_meta_standard_ios_tw-en_pros_trial_ongoing_winning,1,0.0,0.0,0.0,0.0,0.0,0.0,0.0,0.0,0.0,0.0,0.0,0
120246191491940167,tw_meta_standard_ios_tw-en_pros_trial_ongoing_winning,3,0.0,0.0,0.0,0.0,0.0,0.0,0.0,0.0,0.0,0.0,0.0,0
6901176711192,us_meta_standard_iOS_en-xx_pros_trial_ongoing_no-disc_BAU_cousin-labs,1,0.0,0.0,0.0,0.0,0.0,0.0,0.0,0.0,0.0,0.0,0.0,0
120245219512230167,tw_meta_standard_ios_tw-en_pros_purchase_ongoing_no-disc_testing,2,0.0,0.0,0.0,0.0,0.0,0.0,0.0,0.0,0.0,0.0,0.0,0
120249083206790167,HK_Meta_N/A_iOS_Trials_AEM,1,0.0,0.0,0.0,0.0,0.0,0.0,0.0,0.0,0.0,0.0,0.0,0
120246913902100167,No Campaign Name,2,0.0,0.0,0.0,0.0,0.0,0.0,0.0,0.0,0.0,0.0,0.0,0
120244281333170167,tw_meta_standard_ios_tw-en_pros_purchase_ongoing_no-disc_testing,4,0.0,0.0,0.0,0.0,0.0,0.0,0.0,0.0,0.0,0.0,0.0,0
6959088572592,us_meta_standard_iOS_en-xx_pros_trial_ongoing_no-disc_BAU_cousin-labs,2,1.0,0.0,0.0,0.0,0.0,0.0,0.0,0.0,0.0,0.0,0.0,0
120246367871770167,No Campaign Name,2,0.0,0.0,0.0,0.0,0.0,0.0,0.0,0.0,0.0,0.0,0.0,0
120248341548470167,tw_meta_standard_ios_tw-en_pros_purchase_ongoing_no-disc_testing,5,1.0,0.0,0.0,0.0,0.0,0.0,0.0,0.0,0.0,0.0,0.0,0
120249069900960167,tw_meta_standard_ios_tw-en_pros_trial_ongoing_winning,4,0.0,0.0,0.0,0.0,0.0,0.0,0.0,0.0,0.0,0.0,0.0,0
120249604308350167,tw_meta_standard_web_tw-en_pros_purchase_promo_disc_TW_26Q3_Campaign_rtg,1,0.0,0.0,0.0,0.0,0.0,0.0,0.0,0.0,0.0,0.0,0.0,0
120247011565580167,tw_meta_standard_ios_tw-en_pros_purchase_ongoing_no-disc_testing,1,1.0,0.0,0.0,0.0,0.0,0.0,0.0,0.0,0.0,0.0,0.0,0
120246005517790167,No Campaign Name,1,0.0,0.0,0.0,0.0,0.0,0.0,0.0,0.0,0.0,0.0,0.0,0
6973843094392,us_meta_standard_iOS_en-xx_pros_trial_ongoing_no-disc_BAU_10scale,1,0.0,0.0,0.0,0.0,0.0,0.0,0.0,0.0,0.0,0.0,0.0,0
120245219508730167,tw_meta_standard_ios_tw-en_pros_purchase_ongoing_no-disc_testing,1,0.0,0.0,0.0,0.0,0.0,0.0,0.0,0.0,0.0,0.0,0.0,0
120248341545680167,tw_meta_standard_ios_tw-en_pros_purchase_ongoing_no-disc_testing,3,1.0,0.0,0.0,0.0,0.0,0.0,0.0,0.0,0.0,0.0,0.0,0
6969759998392,kr_meta_standard_app_ios_kr-en_pros_register_ongoing_no-disc,1,1.0,0.0,0.0,0.0,0.0,0.0,0.0,0.0,0.0,0.0,0.0,0
120246997845950167,tw_meta_standard_ios_tw-en_pros_purchase_ongoing_no-disc_testing,1,1.0,0.0,0.0,0.0,0.0,0.0,0.0,0.0,0.0,0.0,0.0,0
52505442295396,JP_Meta_iOS_Trial_Advantage+,1,1.0,0.0,0.0,0.0,0.0,0.0,0.0,0.0,0.0,0.0,0.0,0
120244974977050167,tw_meta_standard_ios_tw-en_pros_purchase_ongoing_no-disc_testing,1,0.0,0.0,0.0,0.0,0.0,0.0,0.0,0.0,0.0,0.0,0.0,0
120245759485310167,tw_meta_standard_ios_tw-en_pros_purchase_ongoing_no-disc_testing,3,0.0,0.0,0.0,0.0,0.0,0.0,0.0,0.0,0.0,0.0,0.0,0
120247011566490167,tw_meta_standard_ios_tw-en_pros_purchase_ongoing_no-disc_testing,2,1.0,0.0,0.0,0.0,0.0,0.0,0.0,0.0,0.0,0.0,0.0,0
52516214505796,JP_Meta_iOS_Trial_Advantage+,1,1.0,0.0,0.0,0.0,0.0,0.0,0.0,0.0,0.0,0.0,0.0,0
120245219512050167,tw_meta_standard_ios_tw-en_pros_purchase_ongoing_no-disc_testing,1,0.0,0.0,0.0,0.0,0.0,0.0,0.0,0.0,0.0,0.0,0.0,0
6932691353792,us_meta_standard_iOS_en-xx_pros_trial_ongoing_no-disc_BAU_cousin-labs,1,1.0,0.0,0.0,0.0,0.0,0.0,0.0,0.0,0.0,0.0,0.0,0
120244279746350167,tw_meta_standard_ios_tw-en_pros_purchase_ongoing_no-disc_testing,1,0.0,0.0,0.0,0.0,0.0,0.0,0.0,0.0,0.0,0.0,0.0,0
52508842941396,JP_Meta_iOS_Trial_Advantage+,3,2.0,0.0,0.0,0.0,0.0,0.0,0.0,0.0,0.0,0.0,0.0,0
120245890172180607,fr_meta_standard-aem_ios_fr-en_pros_trial_ongoing_no-disc_BAU,1,0.0,0.0,0.0,0.0,0.0,0.0,0.0,0.0,0.0,0.0,0.0,0
6903752012392,JP_Meta_iOS_Trial_Advantage+,2,1.0,0.0,0.0,0.0,0.0,0.0,0.0,0.0,0.0,0.0,0.0,1
120249439726280167,tw_meta_standard_web_tw-en_pros_purchase_promo_disc_TW_26Q3_Campaign_asc_scaling,7,0.0,0.0,0.0,0.0,0.0,0.0,0.0,0.0,0.0,0.0,0.0,0
6964170906992,JP_Meta_iOS_Start_Trial_AEM_Personas,1,0.0,0.0,0.0,0.0,0.0,0.0,0.0,0.0,0.0,0.0,0.0,0
52516290046796,JP_Meta_iOS_Start_Trial_AEM_Personas,1,0.0,0.0,0.0,0.0,0.0,0.0,0.0,0.0,0.0,0.0,0.0,0
52514795053996,us_meta_standard_iOS_en-xx_pros_trial_ongoing_no-disc_BAU_10scale,1,1.0,0.0,0.0,0.0,0.0,0.0,0.0,0.0,0.0,0.0,0.0,0
6984060547992,JP_Meta_iOS_Start_Trial_AEM_Personas,1,0.0,0.0,0.0,0.0,0.0,0.0,0.0,0.0,0.0,0.0,0.0,0
6964170639792,JP_Meta_iOS_Start_Trial_AEM_Personas,1,0.0,0.0,0.0,0.0,0.0,0.0,0.0,0.0,0.0,0.0,0.0,0
120242508326320167,tw_meta_standard_ios_tw-en_pros_trial_ongoing_winning,3,0.0,0.0,0.0,0.0,0.0,0.0,0.0,0.0,0.0,0.0,0.0,0
120249439392570167,tw_meta_standard_web_tw-en_pros_purchase_promo_disc_TW_26Q3_Campaign_rtg,2,0.0,0.0,0.0,0.0,0.0,0.0,0.0,0.0,0.0,0.0,0.0,0
6981502938992,us_meta_standard_iOS_en-xx_pros_trial_test_no-disc_tubescience,1,0.0,0.0,0.0,0.0,0.0,0.0,0.0,0.0,0.0,0.0,0.0,0
6967864038192,us_meta_standard_iOS_en-xx_pros_trial_ongoing_no-disc_BAU_10scale,2,1.0,0.0,0.0,0.0,0.0,0.0,0.0,0.0,0.0,0.0,0.0,0
120249698662870167,HK_Meta_N/A_iOS_Trials_AEM,2,0.0,0.0,0.0,0.0,0.0,0.0,0.0,0.0,0.0,0.0,0.0,1
52505483816996,JP_Meta_iOS_Start_Trial_AEM_Personas,1,0.0,0.0,0.0,0.0,0.0,0.0,0.0,0.0,0.0,0.0,0.0,0
52502748490596,JP_Meta_iOS_Start_Trial_AEM_Personas,1,0.0,0.0,0.0,0.0,0.0,0.0,0.0,0.0,0.0,0.0,0.0,0
120246067480750167,hk_meta_standard_ios_tw-en_pros_purchase_ongoing_no-disc_testing,1,0.0,0.0,0.0,0.0,0.0,0.0,0.0,0.0,0.0,0.0,0.0,0
120245867679920167,tw_meta_standard_ios_tw-en_pros_purchase_ongoing_no-disc_testing,1,0.0,0.0,0.0,0.0,0.0,0.0,0.0,0.0,0.0,0.0,0.0,0
120249357874100167,tw_meta_standard_web_tw-en_pros_purchase_promo_disc_TW_26Q3_Campaign_asc_tcpa,1,0.0,0.0,0.0,0.0,0.0,0.0,0.0,0.0,0.0,0.0,0.0,0
120246281048280167,No Campaign Name,1,1.0,0.0,0.0,0.0,0.0,0.0,0.0,0.0,0.0,0.0,0.0,0
6978266361992,us_meta_standard_iOS_en-xx_pros_trial_ongoing_no-disc_BAU_cousin-labs,1,1.0,0.0,0.0,0.0,0.0,0.0,0.0,0.0,0.0,0.0,0.0,0
120244288161360167,tw_meta_standard_ios_tw-en_pros_purchase_ongoing_no-disc_testing,1,0.0,0.0,0.0,0.0,0.0,0.0,0.0,0.0,0.0,0.0,0.0,0
6998597222592,JP_Meta_iOS_Trial_Advantage+,1,0.0,0.0,0.0,0.0,0.0,0.0,0.0,0.0,0.0,0.0,0.0,1
120244628600890167,hk_meta_standard_ios_tw-en_pros_purchase_ongoing_no-disc_testing,2,1.0,0.0,0.0,0.0,0.0,0.0,0.0,0.0,0.0,0.0,0.0,0
120250211390460167,tw_meta_standard_ios_tw-en_pros_trial_ongoing_winning,2,0.0,0.0,0.0,0.0,0.0,0.0,0.0,0.0,0.0,0.0,0.0,0
120245219513270167,tw_meta_standard_ios_tw-en_pros_purchase_ongoing_no-disc_testing,1,0.0,0.0,0.0,0.0,0.0,0.0,0.0,0.0,0.0,0.0,0.0,0
6977353302992,JP_Meta_iOS_Trial_Advantage+,1,0.0,0.0,0.0,0.0,0.0,0.0,0.0,0.0,0.0,0.0,0.0,0
52512815756796,JP_Meta_iOS_Start_Trial_AEM_Personas,2,1.0,0.0,0.0,0.0,0.0,0.0,0.0,0.0,0.0,0.0,0.0,0
120242511963200167,tw_meta_standard_ios_tw-en_pros_trial_ongoing_winning,4,0.0,0.0,0.0,0.0,0.0,0.0,0.0,0.0,0.0,0.0,0.0,0
120245842691760167,tw_meta_standard_ios_tw-en_pros_trial_ongoing_winning,3,0.0,0.0,0.0,0.0,0.0,0.0,0.0,0.0,0.0,0.0,0.0,0
120244277007750167,tw_meta_standard_ios_tw-en_pros_trial_ongoing_winning,1,0.0,0.0,0.0,0.0,0.0,0.0,0.0,0.0,0.0,0.0,0.0,0
52511277572796,JP_Meta_iOS_Trial_Advantage+,2,1.0,0.0,0.0,0.0,0.0,0.0,0.0,0.0,0.0,0.0,0.0,0
6976190668592,JP_Meta_iOS_Start_Trial_AEM_Personas,1,0.0,0.0,0.0,0.0,0.0,0.0,0.0,0.0,0.0,0.0,0.0,0
120249701583000167,No Campaign Name,2,0.0,0.0,0.0,0.0,0.0,0.0,0.0,0.0,0.0,0.0,0.0,0
120245493757610167,tw_meta_standard_ios_tw-en_pros_purchase_ongoing_no-disc_testing,5,0.0,0.0,0.0,0.0,0.0,0.0,0.0,0.0,0.0,0.0,0.0,0
120246569640080167,HK_Meta_N/A_iOS_Trials_AEM,6,1.0,0.0,0.0,0.0,0.0,0.0,0.0,0.0,0.0,0.0,0.0,0
120246005436870167,tw_meta_standard_ios_tw-en_pros_purchase_ongoing_no-disc_testing,2,0.0,0.0,0.0,0.0,0.0,0.0,0.0,0.0,0.0,0.0,0.0,0
52517864703796,JP_Meta_iOS_Start_Trial_AEM_Personas,1,0.0,0.0,0.0,0.0,0.0,0.0,0.0,0.0,0.0,0.0,0.0,0
120249605345890167,tw_meta_standard_web_tw-en_pros_purchase_promo_disc_TW_26Q3_Campaign_rtg,4,0.0,0.0,0.0,0.0,0.0,0.0,0.0,0.0,0.0,0.0,0.0,1
120249439464980167,tw_meta_standard_web_tw-en_pros_purchase_promo_disc_TW_26Q3_Campaign_asc_scaling,31,0.0,0.0,0.0,0.0,0.0,0.0,0.0,0.0,0.0,0.0,0.0,1
120242508326330167,tw_meta_standard_ios_tw-en_pros_trial_ongoing_winning,3,0.0,0.0,0.0,0.0,0.0,0.0,0.0,0.0,0.0,0.0,0.0,0
120235898449010167,tw_meta_standard_ios_tw-en_pros_trial_ongoing_winning,4,0.0,0.0,0.0,0.0,0.0,0.0,0.0,0.0,0.0,0.0,0.0,0
120249481915460167,tw_meta_standard_web_tw-en_pros_purchase_promo_disc_TW_26Q3_Campaign_asc_scaling,4,0.0,0.0,0.0,0.0,0.0,0.0,0.0,0.0,0.0,0.0,0.0,0
120249291575560167,HK_Meta_N/A_iOS_Trials_AEM,2,1.0,0.0,0.0,0.0,0.0,0.0,0.0,0.0,0.0,0.0,0.0,0
7001926921992,us_meta_standard_iOS_en-xx_pros_trial_ongoing_no-disc_BAU_cousin-labs,2,1.0,0.0,0.0,0.0,0.0,0.0,0.0,0.0,0.0,0.0,0.0,0
120249776482190167,tw_meta_standard_web_tw-en_pros_purchase_promo_disc_TW_26Q3_Campaign_asc_scaling,27,0.0,0.0,0.0,0.0,0.0,0.0,0.0,0.0,0.0,0.0,0.0,1
120249640902160167,tw_meta_standard_web_tw-en_pros_purchase_promo_disc_TW_26Q3_Campaign_asc_scaling,3,0.0,0.0,0.0,0.0,0.0,0.0,0.0,0.0,0.0,0.0,0.0,0
120244974963650167,tw_meta_standard_ios_tw-en_pros_purchase_ongoing_no-disc_testing,4,1.0,0.0,0.0,0.0,0.0,0.0,0.0,0.0,0.0,0.0,0.0,0
120249060529640167,HK_Meta_N/A_iOS_Trials_AEM,2,1.0,0.0,0.0,0.0,0.0,0.0,0.0,0.0,0.0,0.0,0.0,0
120249603923410167,tw_meta_standard_web_tw-en_pros_purchase_promo_disc_TW_26Q3_Campaign_rtg,2,0.0,0.0,0.0,0.0,0.0,0.0,0.0,0.0,0.0,0.0,0.0,0
120245867679760167,tw_meta_standard_ios_tw-en_pros_purchase_ongoing_no-disc_testing,5,1.0,0.0,0.0,0.0,0.0,0.0,0.0,0.0,0.0,0.0,0.0,0
120244974980090167,tw_meta_standard_ios_tw-en_pros_purchase_ongoing_no-disc_testing,2,1.0,0.0,0.0,0.0,0.0,0.0,0.0,0.0,0.0,0.0,0.0,1
120249640902170167,tw_meta_standard_web_tw-en_pros_purchase_promo_disc_TW_26Q3_Campaign_asc_scaling,7,0.0,0.0,0.0,0.0,0.0,0.0,0.0,0.0,0.0,0.0,0.0,0
120248612147470167,tw_meta_standard_ios_tw-en_pros_purchase_ongoing_no-disc_testing,4,0.0,0.0,0.0,0.0,0.0,0.0,0.0,0.0,0.0,0.0,0.0,0
120246001466150167,tw_meta_standard-aem_ios_tw-en_pros_trial_ongoing_no-disc_scaling,3,0.0,0.0,0.0,0.0,0.0,0.0,0.0,0.0,0.0,0.0,0.0,0
120239549750910167,tw_meta_standard_ios_tw-en_pros_trial_ongoing_winning,2,0.0,0.0,0.0,0.0,0.0,0.0,0.0,0.0,0.0,0.0,0.0,0
120249597116700167,tw_meta_standard_web_tw-en_pros_purchase_promo_disc_TW_26Q3_Campaign_asc_scaling,4,0.0,0.0,0.0,0.0,0.0,0.0,0.0,0.0,0.0,0.0,0.0,0
120245307719710167,tw_meta_standard_ios_tw-en_pros_purchase_ongoing_no-disc_testing,19,1.0,0.0,0.0,0.0,0.0,0.0,0.0,0.0,0.0,0.0,0.0,0
120249992156470167,tw_meta_standard_ios_tw-en_pros_purchase_ongoing_no-disc_testing,20,6.0,0.0,0.0,0.0,0.0,0.0,0.0,0.0,0.0,0.0,0.0,0
52510568577996,JP_Meta_iOS_Start_Trial_AEM_Personas,2,0.0,0.0,0.0,0.0,0.0,0.0,0.0,0.0,0.0,0.0,0.0,0
120248334932420167,tw_meta_standard_ios_tw-en_pros_purchase_ongoing_no-disc_testing,4,2.0,0.0,0.0,0.0,0.0,0.0,0.0,0.0,0.0,0.0,0.0,0
120248718076390167,No Campaign Name,30,4.0,0.0,0.0,0.0,0.0,0.0,0.0,0.0,0.0,0.0,0.0,0
120245867679870167,tw_meta_standard_ios_tw-en_pros_purchase_ongoing_no-disc_testing,3,0.0,0.0,0.0,0.0,0.0,0.0,0.0,0.0,0.0,0.0,0.0,0
120246997862210167,tw_meta_standard_ios_tw-en_pros_purchase_ongoing_no-disc_testing,7,1.0,0.0,0.0,0.0,0.0,0.0,0.0,0.0,0.0,0.0,0.0,0
120245867680580167,tw_meta_standard_ios_tw-en_pros_purchase_ongoing_no-disc_testing,7,0.0,0.0,0.0,0.0,0.0,0.0,0.0,0.0,0.0,0.0,0.0,0
120244974978550167,tw_meta_standard_ios_tw-en_pros_purchase_ongoing_no-disc_testing,5,0.0,0.0,0.0,0.0,0.0,0.0,0.0,0.0,0.0,0.0,0.0,0
120249469567030167,tw_meta_standard_ios_tw-en_pros_purchase_ongoing_no-disc_testing,13,4.0,0.0,0.0,0.0,0.0,0.0,0.0,0.0,0.0,0.0,0.0,0
120242044321560167,tw_meta_standard_ios_tw-en_pros_trial_ongoing_winning,3,1.0,0.0,0.0,0.0,0.0,0.0,0.0,0.0,0.0,0.0,0.0,0
6977353305192,JP_Meta_iOS_Trial_Advantage+,4,2.0,0.0,0.0,0.0,0.0,0.0,0.0,0.0,0.0,0.0,0.0,0
120249596362180167,tw_meta_standard_web_tw-en_pros_purchase_promo_disc_TW_26Q3_Campaign_asc_scaling,4,2.0,0.0,0.0,0.0,0.0,0.0,0.0,0.0,0.0,0.0,0.0,0
120249439359070167,tw_meta_standard_web_tw-en_pros_purchase_promo_disc_TW_26Q3_Campaign_rtg,1,0.0,0.0,0.0,0.0,0.0,0.0,0.0,0.0,0.0,0.0,0.0,0
120246067480690167,hk_meta_standard_ios_tw-en_pros_purchase_ongoing_no-disc_testing,1,0.0,0.0,0.0,0.0,0.0,0.0,0.0,0.0,0.0,0.0,0.0,0
120242508965130167,tw_meta_standard_ios_tw-en_pros_trial_ongoing_winning,9,0.0,0.0,0.0,0.0,0.0,0.0,0.0,0.0,0.0,0.0,0.0,0
120246001466180167,tw_meta_standard-aem_ios_tw-en_pros_trial_ongoing_no-disc_scaling,3,1.0,0.0,0.0,0.0,0.0,0.0,0.0,0.0,0.0,0.0,0.0,0
120249702447920167,tw_meta_standard_web_tw-en_pros_purchase_promo_disc_TW_26Q3_Campaign_rtg,1,0.0,0.0,0.0,0.0,0.0,0.0,0.0,0.0,0.0,0.0,0.0,0
52503582493396,us_meta_standard_iOS_en-xx_pros_trial_ongoing_no-disc_BAU_10scale,7,3.0,0.0,0.0,0.0,0.0,0.0,0.0,0.0,0.0,0.0,0.0,0
120247848102470167,HK_Meta_N/A_iOS_Trials_AEM,10,3.0,0.0,0.0,0.0,0.0,0.0,0.0,0.0,0.0,0.0,0.0,0
120249689386320167,tw_meta_standard_web_tw-en_pros_purchase_promo_disc_TW_26Q3_Campaign_asc_scaling,77,1.0,0.0,0.0,0.0,0.0,0.0,0.0,0.0,0.0,0.0,0.0,2
120243428902270167,HK_Meta_N/A_iOS_Trials_AEM,3,1.0,0.0,0.0,0.0,0.0,0.0,0.0,0.0,0.0,0.0,0.0,0
52505483593396,JP_Meta_iOS_Start_Trial_AEM_Personas,1,0.0,0.0,0.0,0.0,0.0,0.0,0.0,0.0,0.0,0.0,0.0,0
120246367870680167,No Campaign Name,3,1.0,0.0,0.0,0.0,0.0,0.0,0.0,0.0,0.0,0.0,0.0,0
120248452211030167,tw_meta_standard_web_tw-en_pros_purchase_ongoing_no-disc_testing,1,0.0,0.0,0.0,0.0,0.0,0.0,0.0,0.0,0.0,0.0,0.0,0
120246005443330167,tw_meta_standard_ios_tw-en_pros_purchase_ongoing_no-disc_testing,4,0.0,0.0,0.0,0.0,0.0,0.0,0.0,0.0,0.0,0.0,0.0,0
120245842877290167,tw_meta_standard_ios_tw-en_pros_trial_ongoing_winning,10,2.0,0.0,0.0,0.0,0.0,0.0,0.0,0.0,0.0,0.0,0.0,0
120242510079090167,tw_meta_standard_ios_tw-en_pros_trial_ongoing_winning,4,0.0,0.0,0.0,0.0,0.0,0.0,0.0,0.0,0.0,0.0,0.0,0
120249439726270167,tw_meta_standard_web_tw-en_pros_purchase_promo_disc_TW_26Q3_Campaign_asc_scaling,27,0.0,0.0,0.0,0.0,0.0,0.0,0.0,0.0,0.0,0.0,0.0,0
6986471155792,us_meta_standard_iOS_en-xx_pros_trial_ongoing_no-disc_BAU_10scale,1,0.0,0.0,0.0,0.0,0.0,0.0,0.0,0.0,0.0,0.0,0.0,0
120243701212510167,tw_meta_standard_ios_tw-en_pros_trial_ongoing_winning,9,1.0,0.0,0.0,0.0,0.0,0.0,0.0,0.0,0.0,0.0,0.0,0
6946579435792,us_meta_standard_iOS_en-xx_pros_trial_ongoing_no-disc_BAU_10scale,1,1.0,0.0,0.0,0.0,0.0,0.0,0.0,0.0,0.0,0.0,0.0,0
120246000716910167,tw_meta_standard-aem_ios_tw-en_pros_trial_ongoing_no-disc_scaling,22,8.0,0.0,0.0,0.0,0.0,0.0,0.0,0.0,0.0,0.0,0.0,0
120248898278030167,tw_meta_standard_ios_tw-en_pros_purchase_ongoing_no-disc_testing,4,0.0,0.0,0.0,0.0,0.0,0.0,0.0,0.0,0.0,0.0,0.0,0
52510568579996,JP_Meta_iOS_Start_Trial_AEM_Personas,1,0.0,0.0,0.0,0.0,0.0,0.0,0.0,0.0,0.0,0.0,0.0,0
52503652277996,JP_Meta_iOS_Trial_A+AC_test,1,0.0,0.0,0.0,0.0,0.0,0.0,0.0,0.0,0.0,0.0,0.0,0
120240275100650167,tw_meta_standard_ios_tw-en_pros_trial_ongoing_winning,12,1.0,0.0,0.0,0.0,0.0,0.0,0.0,0.0,0.0,0.0,0.0,0
6973853150792,us_meta_standard_iOS_en-xx_pros_trial_test_no-disc_tubescience-2,1,1.0,0.0,0.0,0.0,0.0,0.0,0.0,0.0,0.0,0.0,0.0,0
120249069969790167,tw_meta_standard_ios_tw-en_pros_purchase_ongoing_no-disc_testing,13,4.0,0.0,0.0,0.0,0.0,0.0,0.0,0.0,0.0,0.0,0.0,0
120247889561980167,No Campaign Name,2,0.0,0.0,0.0,0.0,0.0,0.0,0.0,0.0,0.0,0.0,0.0,0
120247771688660167,hk_meta_standard_ios_tw-en_pros_purchase_ongoing_no-disc_testing,1,0.0,0.0,0.0,0.0,0.0,0.0,0.0,0.0,0.0,0.0,0.0,0
120244974981550167,tw_meta_standard_ios_tw-en_pros_purchase_ongoing_no-disc_testing,1,0.0,0.0,0.0,0.0,0.0,0.0,0.0,0.0,0.0,0.0,0.0,0
120245092899140167,tw_meta_standard_ios_tw-en_pros_trial_ongoing_winning,7,1.0,0.0,0.0,0.0,0.0,0.0,0.0,0.0,0.0,0.0,0.0,0
120246694233510167,tw_meta_standard_ios_tw-en_pros_trial_ongoing_winning3,6,0.0,0.0,0.0,0.0,0.0,0.0,0.0,0.0,0.0,0.0,0.0,0
120249669893320167,tw_meta_standard_web_tw-en_pros_purchase_promo_disc_TW_26Q3_Campaign_asc_scaling,2,0.0,0.0,0.0,0.0,0.0,0.0,0.0,0.0,0.0,0.0,0.0,0
6915185369992,us_meta_standard_iOS_en-xx_pros_trial_ongoing_no-disc_BAU_10scale,1,0.0,0.0,0.0,0.0,0.0,0.0,0.0,0.0,0.0,0.0,0.0,0
52511920670796,us_meta_standard_iOS_en-xx_pros_trial_ongoing_no-disc_BAU_10scale,1,1.0,0.0,0.0,0.0,0.0,0.0,0.0,0.0,0.0,0.0,0.0,0
120244974978530167,tw_meta_standard_ios_tw-en_pros_purchase_ongoing_no-disc_testing,2,0.0,0.0,0.0,0.0,0.0,0.0,0.0,0.0,0.0,0.0,0.0,0
120248488817110167,No Campaign Name,8,0.0,0.0,0.0,0.0,0.0,0.0,0.0,0.0,0.0,0.0,0.0,0
120246694233280167,tw_meta_standard_ios_tw-en_pros_trial_ongoing_winning3,6,4.0,0.0,0.0,0.0,0.0,0.0,0.0,0.0,0.0,0.0,0.0,0
52514795051796,us_meta_standard_iOS_en-xx_pros_trial_ongoing_no-disc_BAU_10scale,2,0.0,0.0,0.0,0.0,0.0,0.0,0.0,0.0,0.0,0.0,0.0,0
120245091571390167,tw_meta_standard_ios_tw-en_pros_purchase_ongoing_no-disc_testing,4,0.0,0.0,0.0,0.0,0.0,0.0,0.0,0.0,0.0,0.0,0.0,0
6926092762992,us_meta_standard_android_en-xx_pros_trial_test_no-disc_test_internal,1,0.0,0.0,0.0,0.0,0.0,0.0,0.0,0.0,0.0,0.0,0.0,0
7001500681792,us_meta_standard_iOS_en-xx_pros_trial_ongoing_no-disc_BAU_cousin-labs,1,0.0,0.0,0.0,0.0,0.0,0.0,0.0,0.0,0.0,0.0,0.0,0
52509174219996,us_meta_standard_iOS_en-xx_pros_trial_ongoing_no-disc_BAU_10scale,1,0.0,0.0,0.0,0.0,0.0,0.0,0.0,0.0,0.0,0.0,0.0,0
120247889562170167,No Campaign Name,3,1.0,0.0,0.0,0.0,0.0,0.0,0.0,0.0,0.0,0.0,0.0,1
52510568607596,JP_Meta_iOS_Start_Trial_AEM_Personas,1,0.0,0.0,0.0,0.0,0.0,0.0,0.0,0.0,0.0,0.0,0.0,0
6998279584792,JP_Meta_iOS_Start_Trial_AEM_Personas,1,0.0,0.0,0.0,0.0,0.0,0.0,0.0,0.0,0.0,0.0,0.0,0
6879578335992,JP_Meta_iOS_Trial_Advantage+,1,0.0,0.0,0.0,0.0,0.0,0.0,0.0,0.0,0.0,0.0,0.0,0
120241109209480167,tw_meta_standard_ios_tw-en_pros_trial_ongoing_winning,1,0.0,0.0,0.0,0.0,0.0,0.0,0.0,0.0,0.0,0.0,0.0,0
6966917313392,jp_meta_ios_trial_web2app,,0.0,0.0,0.0,0.0,0.0,0.0,0.0,0.0,0.0,0.0,0.0,0
6976190783792,JP_Meta_iOS_Start_Trial_AEM_Personas,1,1.0,0.0,0.0,0.0,0.0,0.0,0.0,0.0,0.0,0.0,0.0,0
52507936775396,JP_Meta_iOS_Start_Trial_AEM_Personas,1,1.0,0.0,0.0,0.0,0.0,0.0,0.0,0.0,0.0,0.0,0.0,0
120247011966920167,No Campaign Name,1,1.0,0.0,0.0,0.0,0.0,0.0,0.0,0.0,0.0,0.0,0.0,0
52513827488196,us_meta_standard_iOS_en-xx_pros_qualified-trial_test_no-disc_cousin-labs,1,0.0,0.0,0.0,0.0,0.0,0.0,0.0,0.0,0.0,0.0,0.0,0
120244239476280167,HK_Meta_N/A_iOS_Trials_AEM,1,1.0,0.0,0.0,0.0,0.0,0.0,0.0,0.0,0.0,0.0,0.0,0
120245867680560167,tw_meta_standard_ios_tw-en_pros_purchase_ongoing_no-disc_testing,2,0.0,0.0,0.0,0.0,0.0,0.0,0.0,0.0,0.0,0.0,0.0,0
6973843095592,us_meta_standard_iOS_en-xx_pros_trial_ongoing_no-disc_BAU_10scale,1,0.0,0.0,0.0,0.0,0.0,0.0,0.0,0.0,0.0,0.0,0.0,0
120245219517560167,tw_meta_standard_ios_tw-en_pros_purchase_ongoing_no-disc_testing,1,0.0,0.0,0.0,0.0,0.0,0.0,0.0,0.0,0.0,0.0,0.0,0
6985390070792,JP_Meta_iOS_Trial_Advantage+,1,0.0,0.0,0.0,0.0,0.0,0.0,0.0,0.0,0.0,0.0,0.0,0
6978269690392,us_meta_standard_iOS_en-xx_pros_trial_ongoing_no-disc_BAU_cousin-labs,1,0.0,0.0,0.0,0.0,0.0,0.0,0.0,0.0,0.0,0.0,0.0,0
120248826370330167,hk_meta_standard_ios_tw-en_pros_purchase_ongoing_no-disc_testing,1,0.0,0.0,0.0,0.0,0.0,0.0,0.0,0.0,0.0,0.0,0.0,0
120246367863830167,No Campaign Name,1,0.0,0.0,0.0,0.0,0.0,0.0,0.0,0.0,0.0,0.0,0.0,0
120246329470270167,HK_Meta_N/A_iOS_Trials_AEM,2,0.0,0.0,0.0,0.0,0.0,0.0,0.0,0.0,0.0,0.0,0.0,0
120249994219150167,hk_meta_standard_ios_tw-en_pros_trial_ongoing_scaling,1,0.0,0.0,0.0,0.0,0.0,0.0,0.0,0.0,0.0,0.0,0.0,0
