group,gate,n,winners,final_precision,final_recall,day7_precision,day7_recall,day7_pending,winner_days_to_pass,winner_spend_to_pass,mean_flips,pause1_loser_saved,pause1_winner_lost,pause3_loser_saved,pause3_winner_lost,pause3_winners_killed
Testing,SP,148,8,0.21621621621621623,1.0,0.3076923076923077,1.0,54,2.0,299.5,0.0472972972972973,0.06500869681562751,0.09724893385734593,0.006288466684506289,0.0,0
Testing,CTI,148,8,0.23333333333333334,0.875,0.5,1.0,37,1.0,213.5,0.060810810810810814,0.3878110784051378,0.16949577723889958,0.19482539470163232,0.0,1
Testing,SP2,148,8,0.3333333333333333,0.5,0.0,0.0,54,1.5,390.5,0.08783783783783784,0.3728926946748729,0.5574044652562923,0.15456917313352958,0.34342336315745464,5
Winning,SP,61,3,0.1111111111111111,1.0,0.08333333333333333,1.0,9,16.0,2233.0,0.14754098360655737,0.2285507336677155,0.0,0.11792423439982554,0.0,0
Winning,CTI,61,3,0.08823529411764706,1.0,0.05555555555555555,1.0,4,16.0,2233.0,0.11475409836065574,0.26619988161624974,0.0,0.14682700395650955,0.0,0
Winning,SP2,61,3,0.3333333333333333,0.6666666666666666,1.0,1.0,9,16.0,2233.0,0.14754098360655737,0.4814324433782984,0.47295953778911626,0.3835867160970747,0.2420041644000075,1
Scaling,SP,44,1,0.03571428571428571,1.0,0.047619047619047616,1.0,2,1.0,315.0,0.4318181818181818,0.37503185524974514,0.0,0.07449031600407748,0.0,0
Scaling,CTI,44,1,0.0,0.0,0.0,0.0,0,,,0.38636363636363635,0.22104039245667687,0.9650969529085872,0.03573840468909276,0.9085872576177285,1
Scaling,SP2,44,1,0.0,0.0,0.0,0.0,2,,,0.25,0.8650707186544343,0.9650969529085872,0.6009620285423037,0.9085872576177285,1
All,SP,253,12,0.13043478260869565,1.0,0.13043478260869565,1.0,65,2.0,503.0,0.1383399209486166,0.30065643248066154,0.01565423391167405,0.07747536386594119,0.0,0
All,CTI,253,12,0.10989010989010989,0.8333333333333334,0.10869565217391304,0.8333333333333334,41,1.0,392.0,0.13043478260869565,0.2524476805786803,0.14452236415274655,0.08308969385072534,0.11037379026287807,2
All,SP2,253,12,0.3157894736842105,0.5,0.25,0.16666666666666666,65,2.0,668.0,0.13043478260869565,0.7083595561114342,0.5463368015829216,0.49221880551594477,0.3393051835300769,7
