group,checkin,metric,n,rho_future_spend,p_fs,rho_fwd_ltvcac,p_fw,n_fwd,rho_final_ltvcac,pass_fwd_ltvcac,fail_fwd_ltvcac,pass_med_fut_spend,fail_med_fut_spend,pass_share_fut_spend
Testing,3,SP,122,0.08796859975015535,0.335290746736246,0.019259178230938843,0.9086304767940119,38,0.2490504865558012,0.7823738059852733,1.250857751046025,217.0,478.0,0.3728717366628831
Testing,3,CTI,122,0.1418282965802497,0.12229516940182815,0.4133585502009502,0.012216711983285406,36,0.3857433933175951,0.8077811670044106,0.6334611470588236,184.0,28.5,0.21788687097994702
Testing,3,SP2,122,0.27179527404056086,0.01833049475188673,0.4792307692307692,0.015356366872558742,25,0.5963626971776425,0.8690267057319413,0.7860976983553227,169.5,428.0,0.12556753688989786
Testing,7,SP,69,0.32138778833882264,0.007087249679743203,0.22807017543859648,0.3476780092350395,19,0.3637865938072514,0.758313356563789,,361.0,2.5,0.35210206675768563
Testing,7,CTI,69,0.18928288765451667,0.11930541484385475,0.4832047620887683,0.036100447292772286,19,0.4600690474045467,0.8152632021744758,0.4730014035916824,277.0,25.5,0.1955651805470552
Testing,7,SP2,69,0.3041796204134693,0.047352533096121266,0.5648351648351648,0.03533018486755275,14,0.40871502735524645,0.6458555555555554,0.7650252313489072,396.0,196.5,0.018643190056965304
Testing,14,SP,19,0.15954352316006315,0.5141294134854792,,,4,0.44493203054656966,0.7760182666666666,0.27088049861495833,1.0,180.5,0.07930816283484497
Testing,14,CTI,19,0.16831768110701456,0.4909424542852797,,,4,0.28969457334322063,0.626551589306698,0.27088049861495833,375.0,14.5,0.7179919848133305
Testing,14,SP2,19,-0.030344856451720224,0.9216092286661264,,,3,-0.07977999294270578,,0.5282536820652173,0.0,181.0,0.0
Winning,3,SP,42,0.13092826369514715,0.4085366276801725,0.34881456857555504,0.12120598147657625,21,0.1239589120190887,0.8454981192372172,0.7124098749874989,310.0,783.0,0.6214799838253133
Winning,3,CTI,42,0.639978359452579,5.029380152926011e-06,0.1331601239441132,0.5650049835469227,21,0.5725894028160147,0.7926696953686515,0.7989712227378192,606.0,103.0,0.6835907804286292
Winning,3,SP2,42,0.4710736719423691,0.006501996294822129,0.41804511278195483,0.06662156350962738,20,0.7462194147370304,0.8944036463971134,0.7814515255071691,9423.0,639.5,0.15241407197735543
Winning,7,SP,27,0.2497328681209995,0.2090192607395946,-0.4424242424242424,0.20042268671194213,10,0.08254366109373064,0.7657629266059246,0.6846821692491062,1293.0,157.5,0.9292171207534476
Winning,7,CTI,27,0.4320949229849631,0.02439871155391647,-0.406060606060606,0.24428229408662647,10,0.3609326536401854,0.7487668055687092,0.788783575265115,197.0,62.0,0.6835898082744702
Winning,7,SP2,27,0.367692756825569,0.09227254272166369,0.5757575757575757,0.08155281477260244,10,0.5211744776962168,0.9157932788798134,0.7344310921892078,6856.0,222.0,0.1441305079044736
Winning,14,SP,20,0.21963145592314248,0.3521600100727327,0.2447552447552448,0.44326193645018325,12,0.22717142878061597,0.7511309129405904,0.5740929795467109,1200.0,112.0,0.9466384081007889
Winning,14,CTI,20,0.39879608728367183,0.08155471845064613,0.027972027972027972,0.9312343512018807,12,0.49452909051428956,0.719420829436288,0.7897182211705756,826.0,127.0,0.656140350877193
Winning,14,SP2,20,0.31182244733664755,0.2077883175701229,0.46153846153846156,0.13094806950717272,12,0.6876614235967128,0.9408450494784704,0.7006916527439379,591.0,1077.0,0.1760979630283763
Scaling,3,SP,42,0.6011752791157798,2.5520371185058238e-05,0.10012536599950639,0.5793086240916002,33,0.36887149363563737,0.750677099640818,0.5610170471757652,5479.0,710.5,0.8756688345049685
Scaling,3,CTI,42,0.557986878226988,0.00012331503050499933,0.001838388909234626,0.99189879844647,33,0.30419278513077214,0.7270732955858775,0.7183835460177876,2966.0,427.5,0.9153373515615537
Scaling,3,SP2,42,0.6797351558147233,1.0216809424099976e-06,0.02474566961176593,0.8930596533556575,32,0.27462957255142856,0.7677044885987889,0.6933993863866398,40716.0,2195.5,0.48634345408902757
Scaling,7,SP,29,0.363389997536339,0.052664497987451604,-0.00714517738236705,0.9754780339710907,21,0.2687523114362392,0.7289586266291327,0.5285764491855524,4767.0,344.0,0.9380498533724341
Scaling,7,CTI,29,0.42394383866339835,0.021912236496452023,-0.1909090909090909,0.4071327297448127,21,0.2699507389162561,0.7115700791511228,0.7982747939385355,4623.5,70.0,0.9242636746143057
Scaling,7,SP2,29,0.7298928494826551,7.00898972262787e-06,-0.09220779220779221,0.6909811745118993,21,0.2162561576354679,0.7575063157305885,0.686502965504399,40221.0,2484.0,0.42735560372306514
Scaling,14,SP,19,-0.09824561403508772,0.6890532888528582,0.4676470588235294,0.06776085019015383,16,0.29298245614035084,0.7206557587119208,,3034.0,,0.9992748477935733
Scaling,14,CTI,19,0.38245614035087716,0.10608453136967258,0.11176470588235293,0.6802736949858407,16,-0.007017543859649123,0.7179640904424345,0.7552110355648536,3093.0,1117.0,0.927061773903585
Scaling,14,SP2,19,0.7403508771929824,0.00028927201601490173,0.02647058823529412,0.9224805705017287,16,0.019298245614035085,0.6711769582439344,0.7353521679494092,30295.0,2715.0,0.2288383968093303
All,3,SP,206,0.20008278914392835,0.003933216915269078,0.04862202903911959,0.6453281462525385,92,0.23724359330427164,0.7662473625591154,0.6406404541528096,1257.0,672.5,0.7680265019416515
All,3,CTI,206,0.40665378813494824,1.586286124616757e-09,0.22003683832965754,0.03717049472810517,90,0.4023125504405679,0.739821377256626,0.7280518853616985,1140.5,97.0,0.7877719622032942
All,3,SP2,206,0.2698085068009821,0.0009123313086612338,0.3462943976799451,0.00203500394994744,77,0.5380676731075125,0.7804917619933971,0.7232150540708725,721.0,885.0,0.3818328957097362
All,7,SP,125,0.36237701433395425,3.283593572083039e-05,0.021802814296408245,0.880537729004073,50,0.3138456881570402,0.7369408787137427,0.5570219785709114,1429.5,81.5,0.8879945222746566
All,7,CTI,125,0.40788762563348907,2.340956308240696e-06,0.24756188300129064,0.08303420507111885,50,0.38207732529062455,0.7191059471340406,0.7353270641860997,1071.0,43.5,0.8195073937620847
All,7,SP2,125,0.3623373743944069,0.00033227230021569176,0.28287220026350457,0.059724306118397255,45,0.4110294702010678,0.7693771588706183,0.7021933061682194,21912.0,590.0,0.3411673624052194
All,14,SP,58,0.21740338610782584,0.1011455077272856,0.40326276404359296,0.022102815230320025,32,0.40114807961356974,0.7278554925640879,0.5236507188940092,1372.5,112.0,0.9625428749610228
All,14,CTI,58,0.44873188112259493,0.00041099556641325174,0.2734604105571847,0.1299208708521987,32,0.29267023241971457,0.7162012373877009,0.7684259563606423,1357.5,101.0,0.8574825159249855
All,14,SP2,58,0.45645388563246186,0.0008629972970245944,0.26048387096774195,0.15698577418947154,31,0.2864483288513254,0.724563715616975,0.7255321120642534,591.0,1343.0,0.210326740612054
